age,annual_income,total_debt,credit_history_years,late_payments,existing_loans,savings,employment_years,monthly_expenses,creditworthy
25,41640.54230804614,11183.854474695661,0.0,1,0,46709.003015119626,14.034777888909044,700.0,1
55,71638.43962937381,38314.00164778503,27.686689783849957,0,1,22324.083700183946,10.042169421468042,3753.658233832153,1
50,55623.0137353346,17675.25676082545,21.222830750486075,0,1,71233.03613670319,14.214458462573107,2045.151992368215,1
40,49909.67651534374,28280.535653991832,21.097807430343167,1,3,26611.327740023495,7.887705992735199,919.5981245260484,0
40,53088.72524879363,17466.971310088455,19.416321827832988,1,0,46347.280017089884,6.7648067037210025,2994.164918902636,1
59,59016.19633131099,17692.5616773947,32.45364473975775,0,1,26788.567253517605,9.975650814494054,2976.9104681621325,1
24,66102.65559441604,12159.706667779923,7.390754295721297,1,4,69540.46961394805,14.21270254545604,3291.1030803332296,1
52,37005.17988395113,19191.239293662777,21.38367457281252,1,1,20777.696093299703,12.083671536195862,3604.1441316185346,1
30,36251.42261281711,21179.986944140473,2.8535378444350084,4,1,50971.598171893005,7.691119035771363,1772.912267648344,0
25,74884.22587724554,10157.414910848202,2.586455672896212,0,2,41280.20188413504,0.0,1812.516463998492,1
44,47577.93630031485,16749.555841401158,21.259564644923685,0,0,37277.57930995489,11.051930196856617,2313.1670584422745,1
64,29496.842333256267,11899.011339428864,35.0,1,0,34122.13321880591,0.0,3339.4761656496457,1
54,62988.628768895884,40996.64069614839,35.0,1,3,17993.774681456467,7.175028780761691,707.6249055688527,1
55,63340.65650858836,17102.692300883813,23.10328432405924,0,0,500.0,6.421169063147125,2715.3857024821314,1
53,27447.125369379286,33452.32151696559,35.0,1,2,49339.05795230907,0.0,3438.9096420326023,0
56,59130.670878344914,16043.776691923116,31.181499386779635,2,3,21200.89601380288,8.862515449369166,3401.7708023163254,1
44,68240.49566371072,20592.87641534908,23.19461864519382,2,3,51052.802586276535,17.771588701036386,3237.7054263536,1
26,61738.95613071274,4786.359283547308,3.1898736466813964,2,2,36330.55982248197,5.436972344100401,3556.700468220987,1
58,66375.66670770511,13529.274081321353,29.865314694381695,3,2,51604.62205836217,10.82939831206565,700.0,1
41,29723.156234366517,20105.346707892466,19.815271940884053,1,0,44434.065361970526,18.778449193710543,4052.1218206150465,1
43,60958.72278993152,33860.03830959867,20.442712258626685,2,3,500.0,11.313066095044368,2897.3644582160373,1
37,49552.84432953196,20219.82777676271,8.40370859042713,2,2,41068.121092463945,3.775783461711358,3801.186144510204,0
29,46309.777142956395,31837.203611929992,0.0,1,0,23813.841258939283,8.18507398061374,1542.828970777963,0
62,70670.00096955508,24407.2911020292,34.242075879327146,3,1,50970.20137082717,9.403900915546576,1021.5558398702151,1
56,81626.94119213615,34274.013394646856,35.0,3,2,40641.734912462394,14.169065666369809,4207.739916505076,1
49,87298.66098280647,17409.577826949444,25.87503542673423,0,2,40853.44268338093,13.070251703190428,1766.1303488424364,1
39,78666.54168710629,41902.22710651804,12.35258524219292,1,4,25099.629677251494,0.0,2320.235985830219,1
58,53024.78473065669,13146.03797085877,35.0,0,1,13573.088542059755,2.718977239019117,3074.70917641624,1
45,61348.96293447418,10335.38165802331,18.89888592829072,1,1,22208.03473853054,6.6498663869319925,3295.597994259664,1
40,68802.81169211639,5899.471503109658,24.60918417135665,1,3,500.0,1.923564687311524,3570.574665377857,1
41,57181.20308739031,41310.2467155807,13.00741070159495,1,0,19373.81277816038,0.0,2801.0475506517223,0
31,57353.7553824078,26194.47572617898,5.210005457403651,1,1,3645.1362082902197,3.3719075612466125,1651.1216992468662,0
25,69827.55637377128,14658.792666196916,0.0,3,2,4120.665532359406,6.9819469625616914,3235.969369253799,0
45,53932.91237153322,30490.226968734947,16.892469692327676,1,2,32096.61925007177,4.3735765859428035,3250.300450760121,1
60,41872.83514527409,24876.92185117782,35.0,0,1,39612.88091107129,2.015283724618297,966.4685979324026,1
23,47539.48481495454,37661.274713755905,0.0,2,1,29427.717356846115,7.207323123924144,3876.8163574880173,0
59,66410.38679920736,2521.671672600887,33.99684055130064,1,1,21021.771047908765,8.71544087626065,700.0,1
58,55053.87924159921,15346.398916857455,35.0,1,1,12946.653079699336,4.657014430172641,3530.974072934464,1
33,61123.77958363008,13374.786160571744,7.408823337112197,1,1,24290.526137435205,13.858719112368359,2029.3010287479583,1
49,67061.42635963942,1000.0,23.042486964198332,0,1,15199.985257900575,7.2885720793973805,3234.958533155185,1
28,48252.853667843025,28603.27204779694,5.136622617931758,1,1,28869.0466418164,2.642431651825598,3059.1747847692823,1
55,68612.4669453365,15296.034441966416,30.677294591261774,2,2,2612.4280665796978,1.3773133882508288,2566.5897059848394,1
52,61819.1668622511,25396.31204986562,25.037119954218984,0,2,42623.716407703105,5.935150983706691,3005.977975442287,1
36,32773.36443559339,41597.71934329612,8.361919914842263,3,1,19793.439802637542,12.567103267687274,2522.19621012738,0
24,80961.4862413524,14467.563081723918,1.0083494923759444,3,1,36772.62420508209,2.8815564542843317,3242.5557439131103,1
64,45986.59461237551,13788.470173428448,35.0,0,3,45969.99592136146,9.979397419983506,4566.744585903843,1
41,25208.28382266669,19186.64169723996,19.844495882343875,4,1,35901.675874758,7.472784550071564,1392.8849084286123,0
61,36189.213227446555,27872.473529834097,35.0,0,1,44384.28221276549,16.966164847523384,700.0,1
51,36621.1871077902,12332.869746898501,23.372115090504295,0,0,500.0,8.951257318302847,2225.893159748677,1
56,55939.1197358356,11690.384028678694,27.067629255855124,1,0,21128.580053330046,3.508868802870703,2164.3766900773744,1
55,50070.69090016773,28571.892702413657,30.06028496778573,1,1,49855.380002203514,10.681847643823431,2260.188642141823,1
29,48937.02458246933,21786.393238380355,0.4477854141361152,3,2,39166.13168969199,10.850109954479851,1766.2049414651492,0
37,66154.63537868462,1000.0,22.22688192045072,1,0,63272.33877992633,5.014944938520927,3385.190752281432,1
42,61117.75650146867,5746.082005308919,23.406332953482078,2,0,60678.84863940631,1.1800214783499499,1356.8034897064813,1
43,60688.86167159715,33012.358638272104,22.234476787814348,0,0,35392.65842011146,9.680175956132853,3005.697595149493,1
22,62376.91223191647,22019.282830788125,0.0,5,2,25464.38486007348,7.317575883825009,3174.619056071339,0
45,66090.42402404029,10378.040689627509,24.893314075506545,1,0,12748.103164794185,0.0,2884.819316336551,1
27,18000.0,16295.903427650179,3.7280872521484607,1,1,21435.445820365545,8.272604994953063,3038.4289482433314,0
54,48440.1114592397,18132.366728016703,28.213466354823453,2,2,22651.55564719141,3.815035509893969,3454.3405301547173,1
51,18000.0,25357.33360280164,18.028354931780154,1,3,19321.514537129133,0.0,2648.2087540312086,0
62,55649.07868236032,4417.366051412106,34.090484408856916,2,3,13469.920540661169,5.239418283058491,2288.1530476469125,1
54,54916.60649996178,9590.50861329542,33.99304118099183,1,2,37228.37857539681,13.414593671034316,3037.733394762378,1
37,73819.58094621425,20729.55754863389,12.156542517102602,1,1,60539.51420656022,13.040307500440285,3140.329613850792,1
64,76377.41906898018,17001.654195045496,35.0,0,0,46798.621828144656,11.733760510036838,3400.7129190968776,1
39,58649.95086854261,23718.591826367097,13.821942218060023,0,1,24196.43895113418,8.346164450460616,1058.8465160985693,1
35,45993.5006068558,5704.926026404022,6.718530779426351,2,1,48252.51925681277,9.978986016775497,2434.8216313838984,1
61,63732.900025823285,21571.28676271321,35.0,0,2,36239.71560309988,7.493222907390008,1641.1685413183784,1
37,45497.482528162356,28915.83619377472,17.5266776950632,3,1,29267.321683136834,1.4747458689276565,3104.8683439508222,0
24,54974.93227401972,22868.185471492834,5.093952392598996,1,2,28143.790938346723,2.4724905057378272,3254.038254203986,0
42,72750.45370529382,19391.11739761592,17.2647527395459,1,1,26401.07751621125,3.9640953722114785,2353.028586958626,1
56,44960.11577219037,17041.163974340292,33.041243991621414,0,0,41719.19020927086,14.006795383181647,1943.65881623741,1
29,69502.21550636501,9651.488472284982,7.051864263160455,1,1,32514.061480975586,12.383453655602223,3137.2671814334853,1
41,67193.22463646144,17280.014075602114,10.97755462700819,1,0,16888.38964361418,1.6006121833658735,2480.081914706337,0
26,37813.74729164521,30597.05852880406,4.128940921638357,2,3,16016.66203619367,7.2669555770809975,3883.8199959109725,0
51,72530.09430791321,16809.714933998748,26.669601681739127,2,1,35506.27166307003,4.986964286236362,4195.65774873454,1
42,67574.19421668709,9101.960106515899,23.808331000714286,2,1,37715.72188229895,6.224497303496582,3500.6399437714003,1
35,56834.66597270784,13077.529112346136,6.58382458917335,0,4,24363.612402297884,4.319785905238865,2809.3916654432933,1
31,41278.177755502256,20008.502972759303,7.706566739742827,1,2,9623.898790567604,14.028458114031388,4243.017397564381,0
46,39534.29166563974,14264.860028191531,28.227171032022753,3,0,52517.37210753238,6.905467315631824,2816.64826152182,1
51,45322.0736157456,22853.032830631408,28.32717982429604,1,2,48694.88297148781,8.080784023006366,2168.725498625955,1
63,64766.70033925528,23228.437607490305,35.0,1,2,500.0,8.121291030666615,1992.1936072075364,1
40,37798.74698677484,26889.83180404648,11.178024507358046,2,2,54112.49261964354,1.8611491251949,1966.848593793994,0
28,62875.22047515766,32235.594722650327,2.7124887723353863,3,1,26238.43564800575,7.542768489202637,2594.267227398447,0
58,32648.400480188935,27958.58724372361,30.70934617298261,0,2,33419.76744048857,12.311584108934207,3016.7781345460417,1
49,51326.765480100716,8657.609358520402,24.59548646204289,1,1,50488.01508094728,14.363454927403529,1326.3587544626737,1
52,56973.659582332155,8964.655534237278,31.69336149748742,1,2,59745.698159322965,1.2609251614027865,2195.966665189102,1
25,99012.3426110605,17242.285235401756,0.0,2,2,48051.57513081954,0.0,2791.5659125526568,1
35,30208.31820063339,13488.246427605856,17.879886278201322,1,0,34338.54898111006,7.310672900207609,3179.263642244794,1
55,81496.2621968224,6616.732730390573,30.779613441077046,0,0,5238.467646546029,12.54593787867517,2576.6695231281606,1
58,57697.16345177104,13583.082058270058,35.0,2,1,500.0,8.797982271418439,2820.057320445507,1
40,62401.094524287335,13254.87066380961,17.728394886904738,2,0,45806.86090244107,10.401480380399027,1485.3298337085084,1
57,57130.26244098768,11281.522602387942,33.39414841218871,0,1,54156.54622340058,0.19875489546738745,1779.3919360902273,1
58,63005.08272751419,14842.105138449944,35.0,0,1,15336.392504915137,4.140062578650028,2545.224346444334,1
38,52233.66812148368,29784.50850318331,8.385512389081168,0,1,25143.960634702864,0.0,3059.4960036709954,0
61,81172.90326623425,19992.38041249239,33.51484763610076,3,1,19969.214009061812,6.287559753770208,2808.1729629636748,1
33,46783.519403955,42718.090760554696,13.266321036006648,2,2,19489.79867719794,0.0,1836.058052094154,0
31,75380.22229922646,19705.081860196493,6.8762335297452095,0,2,49349.30131005538,13.663308509202388,2387.094205806625,1
51,43401.39183616559,15099.342260627483,30.311210393433388,1,1,33930.71638956556,14.774107339544674,3960.6545085891275,1
49,53915.46676477684,18041.328826548663,26.310510507367173,0,3,25874.790394877957,7.703217460308829,3089.8324093369056,1
27,35704.67405877606,20564.9197844354,10.553131103423151,2,1,77835.3603691867,0.0,2453.720260979235,0
58,63190.426966255356,22352.539571710637,29.880507642079113,2,1,4180.423817863917,8.878563269565884,1676.746914452318,1
29,81012.2672246776,38767.11325859024,10.753661792128106,1,0,39862.39946692414,16.29566279230471,1957.9659945739304,1
57,53607.58876322462,9546.795350224314,33.9327315016813,0,2,11118.390866900492,9.378677498434637,2605.9313260106655,1
21,51456.05742332963,26590.460581777355,0.0,1,3,27166.136304103653,12.924919952454601,2848.352388740006,0
56,34936.89466477732,20077.505976141238,29.68340165310055,0,0,32675.490920328117,4.574173441518901,3109.0071005914033,1
56,50872.73223605845,2289.0225742938237,29.534991889352103,1,0,45202.72295343166,2.643949760833082,2949.187025949933,1
56,26329.703325012502,25706.987820947634,35.0,3,1,25298.7258871016,6.645689954186754,2266.7872739581835,0
50,38568.19623906111,30676.235608039045,23.605891289153526,1,4,23394.934239656846,0.0,2140.005590546678,0
42,59082.14882996444,9428.235962225703,21.978719117163223,1,1,24976.46823935686,18.320442806569723,4442.2899940607,1
52,78742.23755934513,17910.661321080293,30.807236372883025,1,1,10560.851646578838,7.698250232402465,2099.179410264904,1
33,105565.79550213105,1000.0,8.289028177364392,2,3,41381.57643765036,11.333864771835039,1437.4666742318923,1
56,44441.46846872379,5411.9354031566345,25.9262617342584,1,1,35064.01867407435,4.692457358018967,1125.1542697528066,1
46,80835.40281961791,28480.295776172527,22.896144356040352,1,1,37833.0360836709,0.0,2282.1300015832594,1
41,59387.54464722966,13335.834939925655,19.53223897816413,2,4,28748.22595440455,14.129074153404378,3445.9854386001475,1
43,52277.54235856523,6911.970250619608,24.202385066758396,1,1,26528.196721978322,1.379498593616841,2081.6470795929254,1
46,62786.70013107074,20294.6036445843,16.958536417203433,3,1,51160.806088155325,8.74419381784621,3929.7630877489346,1
22,56114.49670623927,12775.875685689767,2.258936054541169,0,0,48392.156462826286,9.215424056597262,2593.446609375299,1
27,56987.123061019935,13291.78342224464,0.0,4,0,55466.410551318986,7.369756518394418,3598.602260072068,0
32,47650.00306911996,25393.260256749032,5.998045201435488,3,1,36706.69832692567,3.0770788190890075,1918.050980725192,0
26,29834.026123620686,6382.666410656535,6.285696337706366,2,2,54347.953703797546,6.251838814868845,1932.0049448721875,1
40,27214.746354602532,8946.347873181678,15.70750095674499,0,3,22510.512485032545,2.2497458697880983,2681.9411329969757,0
51,66758.40789906209,19540.799921488688,24.28798535706247,3,0,26384.667849456036,11.04588846279469,3034.299199710407,1
50,50019.39837845716,27694.097907482053,24.438550473840642,0,0,51511.813566275305,9.85773463749107,2438.938481690642,1
42,44270.399806189,30381.603014898497,18.69396923613474,0,2,45181.587688684296,6.892987834510514,2863.2189056127063,1
59,55153.10128101677,11349.382796383768,35.0,3,0,24771.89267553186,4.158242641524848,3129.6373581052094,1
46,69308.7805524813,27373.76966919648,18.8322074207887,2,3,11167.351751645205,17.536589498910082,1321.5448882039695,1
24,58246.55097447517,10158.57706529591,2.3357084886167088,2,2,26328.64427413549,0.4896800692333194,2293.156295729774,0
55,43191.011140462586,36262.093469068,35.0,0,0,17672.368057013373,0.0,2133.185723846219,1
46,77073.27320168109,6662.289745802716,17.58010018332751,4,0,61041.06268479614,6.589970096859885,2176.890058141218,1
49,83425.33905366938,31284.78810791731,26.1589921261829,2,3,43680.73158335552,5.7097633671454675,2966.189955666514,1
46,63902.01979581136,11435.138931812762,15.814566969195463,1,1,16213.393607038217,12.487912273771911,2145.689507975963,1
45,72525.94320419362,38132.464547946,29.110953717237237,1,2,11190.162708029773,10.230582274733361,795.4301274093486,1
25,77355.2799426486,23913.20728852484,4.211455991692889,1,1,15990.361071878,7.147627934910198,2387.1332133491073,1
46,75341.78769528125,7839.834705917781,32.103625511877915,1,0,19941.14570760599,9.501688914097366,1642.0345718675185,1
56,66053.78518802722,12777.615204574933,31.101517038697367,0,1,26999.392911650502,9.410828741248292,3046.698783064291,1
34,65770.2468473479,25811.812052237416,14.375197682886926,2,0,50061.83683585597,17.517783600909752,3325.127292668348,1
48,64353.89032023705,28526.444176155615,20.59430123498074,0,2,12602.695955645937,8.266816952477173,700.0,1
22,35247.92185815322,17292.844082755375,1.7242499518853949,1,1,71211.67040723789,3.5946143366025294,1903.1911369637091,0
36,67613.01682347254,18446.582809634663,9.797486358377535,0,1,13020.595737084219,7.992505499141054,2918.035721077287,1
40,30595.34851972203,25583.530326440654,12.853999691803292,4,0,4637.140840297219,0.0,1332.0123783185927,0
65,40697.20980774901,19317.984270108198,35.0,3,1,60389.48685582248,6.836762292898189,3304.3947894621892,1
30,78464.17122054557,5064.951406616243,8.554710125475726,1,3,53782.600797065206,12.46491235552994,3544.3848813759996,1
33,70123.96292849556,9870.259753598193,16.422927303135094,1,1,26717.721640386866,10.010920594352108,2454.1859294960873,1
39,81773.16921434553,20351.199431516652,21.62406778215757,1,3,36863.981672241476,8.492780218228374,1903.4795604334176,1
65,50109.86109362874,30154.824164976937,34.62858675785405,2,0,37318.24414383625,10.24619577785247,700.0,1
59,34259.520857018186,34159.824241620474,30.4376387420936,0,2,32460.823717384053,12.516282724388581,3332.6227652849907,1
22,50672.13045273383,25795.2942077145,0.0,0,2,6663.368307531484,14.126167036490937,4402.28328080872,0
31,56836.56335033033,20872.907610363636,1.329921954529364,2,1,500.0,9.237279501447293,4216.0860785016375,0
57,56421.796894120176,25488.138859824772,31.962309373437645,1,2,14794.928718178493,5.419442827436543,2424.5238342585453,1
23,75406.24861762063,11332.491497931444,4.928899914990842,0,3,62690.77940467706,0.0,1616.591764053892,1
59,48497.13234993798,16467.690397417857,33.034043612836385,3,0,63397.44304907981,11.890867135038645,3353.8618036953194,1
33,61336.62049245264,9758.692786605234,12.982133381663,1,1,25286.93463913844,9.576012568019516,2485.8181014631764,1
62,37204.711310177096,5512.573892922885,35.0,2,2,12756.643994573915,7.763297437579004,3030.3185512790765,1
34,63105.71100478863,21335.49011636205,10.996935809245999,3,3,35006.18195512884,3.559742524028813,2872.476532967251,0
40,55055.95390334146,19855.133065847436,18.911829725784404,1,3,37901.66151840646,11.82576001670278,2683.7031177618264,1
50,41503.35991087869,24876.524845090127,23.35080620820597,2,0,40812.95134729304,5.71381787085934,3525.6624231342785,1
26,50755.071480852646,23461.118308924473,0.5829770263621632,0,1,500.0,6.82788944477008,3559.1012621275563,1
46,51684.836562726014,20426.44271323862,22.880128411276896,1,1,86839.61130885291,6.720057054158783,2129.5810837595936,1
43,50137.207671932265,23566.166656775542,25.484627692392465,2,0,50384.544024785384,9.249258590827491,1769.1987757522168,1
56,86884.14236081831,17573.169037725234,30.614821532988046,1,2,26438.453332686004,1.2568399448493563,700.0,1
65,53227.97195845817,22128.913952224008,35.0,2,3,17067.40265710464,9.81275930953673,2288.454775910185,1
50,50609.87001680792,10738.555973136405,30.475506282926105,1,1,47771.50249343288,3.395558215959864,1616.0073573397997,1
39,18000.0,21697.0592563913,15.891957222876057,2,2,38917.10307062174,3.5709814655042216,2977.27722709738,0
39,38904.26766436941,24684.176852860095,20.610020977692848,1,3,31658.654784621205,11.426200237788745,2297.719758639113,1
39,50264.67835978565,11303.185719277968,12.557875770402415,1,1,38250.02340553461,2.0248576945221473,2395.3142147324347,0
57,42654.65182882043,18518.320989928467,30.45276989059075,1,1,27971.04712395694,11.417212005052328,3330.769486176693,1
35,79870.73668080034,11763.974903706403,6.571510913258179,2,2,37233.52078291144,7.506833623544525,2957.52921203037,1
28,52031.12004286807,12734.93303483885,3.291743956565199,4,1,43074.53131716306,0.0,2494.9789460570087,0
36,78191.99648772854,6750.706448978453,8.597548014737129,1,2,36179.70373347649,13.822379258232498,4117.783108341733,1
22,56110.68341290663,30657.749251665555,0.0,0,3,35236.59416979454,8.551268636317472,3264.334024699731,0
25,55670.10105558838,28656.851747200475,0.0,2,3,55071.48239780126,8.97062932944935,2225.725231630272,0
25,53401.663941174986,23374.33854227337,4.372743781991673,0,2,1252.0718504677861,12.036211552923795,2265.872060643083,1
55,55068.332529186264,37721.95951943814,26.743706525815867,1,0,15638.11898594825,14.496103722806492,3309.541724153632,1
53,85938.31005489748,16107.543034316082,32.033682889405384,0,1,30478.092347658407,8.005134481080637,2782.561128541538,1
52,18000.0,48317.62415110634,23.12640887978434,0,3,16862.383507273662,10.086436612480341,1590.9562606994205,0
41,18972.176600103783,15724.705846367797,26.99693174949186,0,0,22871.414311609064,8.85592965308713,3405.241555800263,1
53,45222.925040989954,20551.933517560163,35.0,2,2,53179.352092020796,5.285661466491602,3731.508980177191,1
28,55261.50187487624,14022.220860597918,9.888644704236528,2,1,27318.522468760948,0.0,3663.2499812052606,1
61,67421.87964575223,21723.25560060305,35.0,2,0,500.0,8.074610295521042,3988.4741013630173,1
43,63515.56956449455,26356.149278862445,24.427373186426372,3,2,22379.84887198298,13.894689153222782,4462.278316601292,0
63,48083.57356814974,16860.836069469162,35.0,0,2,31046.037134409697,9.916664816788284,4156.963131790611,1
27,73342.78647835171,35767.198471176205,4.563480456095634,2,1,30714.411584213885,1.6628840451177913,2906.59560358375,0
43,73543.51725674915,20391.492846334608,14.98210920961757,1,1,40008.67394423546,12.487607528224528,2412.4149122381227,1
52,58313.04096288818,20704.85386110199,30.571994729356568,0,1,38538.99434559853,5.4526507407182985,953.3584726980762,1
43,72327.83630476314,8910.023054862826,19.578340573287665,1,3,27501.130226532256,0.0,2609.7810608960403,1
41,59907.61474177832,22184.990745503845,15.716441707599206,1,2,8525.284351582202,12.089519075912605,3067.2224530207563,1
28,44893.3055179081,16659.727791906345,4.340091057121271,2,3,22059.493470523877,2.273096879534436,2639.197614884619,0
38,67560.70310200009,11917.60270662713,17.78379515101419,4,2,18790.021980807633,15.903641865589549,900.6011011948251,1
31,56991.0362064162,10235.25591851636,3.059568755805042,2,2,24868.13155164739,12.738867002987092,2342.0407861276335,1
34,55024.11724158077,44717.63379756685,17.47211226747675,0,2,42441.033634641964,5.8610036316842,3180.7988439710134,1
51,81513.16429941234,15365.227498209646,30.959008875654337,1,1,37273.84949214754,9.296799228772315,1676.6764685324795,1
49,18000.0,3430.1457921873225,20.88272546409261,1,2,44832.10284735034,19.11959282827552,2749.122120713481,1
48,29481.684937127746,11017.785402674275,21.830788494691866,1,0,23086.502335149708,12.000035189184924,2988.464300791326,1
37,33632.73232526134,17484.321605237863,18.727052576243292,2,3,57150.493829125204,8.191000123922946,3606.17087692317,0
64,48461.3083437615,23466.67032616485,35.0,1,0,42111.093226740966,21.44576997103135,4141.344853514621,1
24,50417.05294421146,23547.965217253135,0.0,2,0,32020.224273155232,7.587905054782443,2259.9565436504004,0
36,27868.138340085145,24766.145517765253,15.710752421340192,2,1,40860.238518803446,9.909074094394182,2765.3816436116313,0
26,37267.15541840513,11551.396933626704,11.924011327684495,3,1,17836.31253664143,2.3189340547037043,2793.562255301769,0
36,39504.84978657574,21404.404435015455,9.914117834086511,1,0,500.0,0.0,3184.4373734495307,0
64,99233.63365736605,9239.405358894215,35.0,0,1,19079.465356743993,5.56098854025823,3083.662777077211,1
37,87431.35505944863,11803.570169859882,13.097538222187145,0,0,43454.225230359036,7.192040421842593,3882.505004269794,1
61,47588.51048167631,8822.910254997405,31.9708023214317,2,0,31443.888714401342,8.646317922049294,700.0,1
43,48455.50077447762,6116.111454017306,20.64498176623873,0,3,27536.97949179828,0.0,2976.2189704006933,1
52,34314.328050610704,28642.094888580086,23.878942105751374,1,3,14738.878726000898,10.303371610589737,3038.6699081218103,0
41,20653.6525619452,24886.117009788875,17.574184519893823,0,4,500.0,2.848072379781616,2388.293690723031,0
32,52896.156644646566,27766.653699781302,5.716735121723968,0,1,55647.22117466622,10.043671796972074,700.0,1
55,37038.66430160754,18393.13066024296,33.39712244048961,2,0,26257.89464739107,11.674632414218253,2545.1035003037296,1
64,53472.69043008382,25768.076988651464,35.0,0,1,22268.316325850563,5.022454549736855,1960.4953135790229,1
32,26196.294717217406,1000.0,5.591281126927434,2,1,17910.367192346297,2.1809053386620025,4110.159868931351,1
56,41284.459750415364,26630.87518045355,35.0,0,1,52581.404597279325,14.71824658691814,2937.762232845086,1
32,57675.287715450955,19771.198300050302,17.187557701645435,3,2,45864.31462282892,11.36456047149598,1884.063655255166,1
53,61591.77276011087,24271.096001491656,23.678266248395833,1,2,12589.689644202834,7.759881669237035,752.6194956843681,1
56,62514.49525735626,21800.232990486133,35.0,0,2,50961.77337078363,14.342138818399265,3131.5559139965376,1
41,31231.19828517333,8129.448454631134,10.931284459812602,1,2,27388.73245941719,7.416308619877569,3226.534274369282,1
54,70384.3431424401,3019.6022460895347,35.0,2,2,19010.24061622991,3.897463949026745,2405.800833961813,1
33,40596.189461166694,10879.458338170367,4.573187094587853,1,1,24714.97703764409,1.991489678136201,3143.3079339400474,0
24,66391.44246293152,23649.17281272912,0.0,1,0,15900.649490731856,6.461004323231785,2286.556524383017,1
25,54808.503820872524,24900.914151753954,2.145146161182038,1,5,6224.2121505217765,10.858602389907965,3560.4937476513455,1
41,30225.025016596937,4320.577226181373,19.045162757184585,1,1,43970.35737915461,13.948796075539091,3493.416352193477,1
61,49308.441317538614,8189.006325317854,35.0,0,2,26027.312537433576,7.117551080172373,1124.9671657373697,1
26,61576.547357147814,10767.643140591606,1.0939190300320767,0,1,41109.77160561487,13.065624639678386,1344.3273404529994,1
41,66033.37684854279,14426.949397331842,15.339646841832876,1,3,35169.83996033183,5.928652842489845,4428.153550739175,1
52,52462.217846000465,4379.491691473479,26.666165043934207,1,2,39873.74000435832,3.0920099067207287,3438.976715024381,1
30,82572.02003081895,3779.482338598673,5.866422642342378,1,1,500.0,0.468433830998058,1463.857095474295,0
53,73135.19387775807,9781.647035924461,28.16642191811807,0,0,14398.315511573694,4.468800188290668,1186.657965419384,1
34,50380.22590480445,18862.538362250056,15.652258140073368,1,2,40248.56559723327,0.6567128627517249,2786.9948590491094,1
57,68502.19261846501,6194.056602465094,27.305820828159394,2,0,7053.0475055525785,17.047558155951002,1571.916147314052,1
47,89808.28273338737,16841.96490028234,26.373148334632813,0,2,36715.171508620166,9.196482131546727,2314.9633508676357,1
45,90288.72281409448,28585.52816141815,14.596961068162557,1,2,4967.317559665651,6.521925754178442,2557.4487293593183,1
28,32896.002145195045,4982.2026258649,11.42220312072574,0,1,30295.991702904495,15.610008811727871,2518.605450021756,1
41,38322.40399917129,15935.542415894604,20.488556564551818,1,1,58979.82709084902,0.4886631551424756,3613.8844536042434,1
59,81728.53816120932,28247.567337507724,34.46440888053713,1,0,43942.802075969244,6.314285820521281,4251.280615212953,1
21,35950.94108492253,13817.316096361907,0.0,0,0,500.0,16.998368960509307,2168.973932451057,1
55,31194.259600749778,12263.303091415812,29.78526894186303,2,0,45270.68527769132,6.279797466376663,1582.4067525770838,1
43,46248.50564741716,29634.958143064738,15.830077393086846,1,4,62800.288081132494,19.234068892022638,2949.961539485218,0
53,62564.08077054254,14937.979210284522,35.0,3,0,80346.2881829113,10.928024197207693,4068.332102998448,1
50,53156.85928100027,29044.950252055678,22.691350736906646,2,1,38551.36327443641,13.529629543161164,2237.1063592943206,1
40,43289.85483269934,22289.653911271987,18.11737175880532,0,2,5440.4413700636105,13.674474117274354,3365.323002812792,1
34,42864.175688958836,14571.553470901632,11.237689384595141,3,2,37824.20360443973,7.008012301240188,1846.5779667192928,1
49,42177.932840571244,22796.905305975302,22.019371477037645,1,0,58728.60477014637,4.558941677022117,2619.1442312901104,1
27,39168.826684139036,21204.495138460377,5.097093351253456,3,2,26632.412764494537,6.422798400597934,1554.2519459298592,0
47,96069.39179096911,28208.82821002474,29.458365669568344,0,1,48775.96061188605,2.0653374834318656,2609.7488544313223,1
25,60355.199281339985,12516.544621349814,0.0,1,1,14887.146020201617,6.67018558385103,2495.1905191559604,0
50,70961.66297928529,18412.060667816197,35.0,0,0,36702.35855628331,6.977969753775196,3147.3106092458693,1
49,46196.60557385937,17384.843203953627,20.539727613776726,2,2,500.0,15.44617497659602,4200.255447820571,1
24,51652.77981065112,25041.481416397848,0.6567988032498595,0,0,12893.963126939074,9.966378553637387,2249.994121181591,1
55,42156.02833533361,7748.208055558243,28.709919506329378,0,0,29889.828348926592,18.81308778893436,800.2437673888769,1
39,18000.0,28169.77048237856,16.34730266390131,2,2,23459.57884962416,0.0,2418.106499738381,0
56,30195.83301673841,22663.287721704168,35.0,1,1,6588.885103036562,0.914781499850287,2869.3858611395863,0
22,22408.863760352895,4830.749263670537,0.0,0,1,21006.188434470794,5.223273361673168,2781.710079431064,1
29,18000.0,30082.628254805004,1.7221763745897996,0,3,35933.79087242394,14.462472320071026,2458.31947074327,0
43,33483.538462634155,40340.93080797732,16.696812897925675,1,3,28447.90343201606,6.452113998583264,3938.9434467167166,0
29,78849.20222886936,28018.339695494076,9.108322970164346,1,1,31096.876257675638,0.0,2722.5930858810334,1
35,54200.14898132162,32269.847672264692,11.502635382942648,1,0,43175.4384555433,5.774377819255186,2505.6833613924796,1
50,78230.14772178113,18853.71381602588,26.273398406654426,0,0,23823.071386801563,1.0120087112254303,1900.0644858521255,1
27,62397.686384215755,1384.9508026148978,6.980883228201048,0,1,54465.201894934464,0.03187115925097306,1027.9603813929234,1
51,69086.05886287286,1000.0,29.337268602405388,1,1,12193.120810174572,16.9941390882695,2896.3087426861434,1
25,38783.85408451765,20550.820438677583,3.2903335607940254,0,0,64704.04595507134,5.241955666596741,2820.8761098806203,1
28,64431.117175468076,12080.2119227002,2.613678646122743,2,1,50034.69534889673,7.865764314012568,1646.6025185646445,1
47,68116.85621333822,8854.237216726488,28.873989968326445,0,2,23592.039950780007,6.5352182641595675,2560.0648764033645,1
56,44620.348739793524,17372.533160313247,30.738684755501197,0,2,24792.26332384055,5.742521876957759,2470.5337098255977,1
28,65071.72667109099,24155.85287861288,9.821525708624408,0,0,33721.24064901125,2.796694838561832,2037.949528031742,1
34,65191.379654346994,3472.424532378529,14.451296198223634,1,1,40776.076737695585,5.446826979141765,1886.0203581656897,1
62,45108.05281965851,13511.223797196151,35.0,2,2,49701.868954202226,8.686177392620735,2964.57350399437,1
65,34790.16821912209,33098.706831203155,35.0,4,1,5869.357535728501,14.093176560319769,2396.7694686046843,0
47,33685.6900258311,7247.116197786254,26.74899069620848,0,0,37873.96719710244,11.737178182770371,2068.105767715017,1
41,56557.099754586314,26697.611871649562,21.426246500930933,1,1,500.0,0.9046655127245833,1824.4951768367878,1
36,60886.177638207664,13152.692384510061,13.987769206955848,1,0,26808.5912549613,11.942662091183024,2483.013440813718,1
48,40734.53505175754,23457.937598499528,20.417331797927964,2,0,56170.42506817424,9.377190057636845,3432.035211982792,1
47,55478.53614386977,28973.27507202867,29.52230109961264,1,0,4483.037420067027,3.876394996932522,2785.9760667921355,0
34,65269.666650492734,25412.817669850214,10.4228944394872,2,1,1213.7198514300762,7.910485480932844,2386.5901802228273,0
22,66127.43286397541,27091.596022138765,2.98326474456222,1,1,33974.31179186356,9.861435918249494,2877.6413821115784,1
27,82933.84216220479,6484.064665920439,2.676751215072362,2,1,54973.72495510683,7.235264739114378,3827.9465132008404,1
64,77985.65497956477,29136.597067412986,35.0,3,3,35857.11811953579,9.401216670783606,3041.372631662119,1
39,36976.754210382205,9473.068853651801,10.613173337665295,1,2,500.0,2.6852449153809967,2834.180883415572,0
42,85304.5517716844,20595.417655715384,21.970312689875705,2,1,500.0,16.964160221232564,3174.676553833896,1
42,45442.42291799713,20582.46186997227,12.368331663360351,0,1,31759.43579272955,0.0,2457.7876371298976,1
56,73807.7106241797,22851.22558869581,35.0,0,2,8773.636452676186,9.889256116640707,2765.6610386925704,1
23,56223.7592689196,21369.566760601905,6.517456041308669,0,3,32460.35329030181,8.833817315051613,2159.940118508589,1
24,47581.31118777458,9561.900214752768,6.047728842379164,1,2,33527.912038804905,10.214716967258571,1204.5020107980222,0
33,22461.45652405121,4501.325877042838,10.40418337142938,1,3,21184.36480816121,3.458148241758689,2908.5522671486096,1
42,51911.83881610573,26723.486799617684,21.939953104383058,0,3,62665.57729107863,12.84598514166528,2912.012075991983,1
51,26931.10176449904,19858.345775189155,33.78763670711517,1,1,40628.40968881726,6.460096591608439,2341.0583375567703,1
43,72411.38624516991,29493.768409578177,21.674295555726587,3,2,51808.63581829517,1.0689253046503273,3532.2389617415897,0
40,82302.26782850646,17552.67065812132,10.747525985453471,0,2,46570.4716488892,1.5259480586202185,1950.5570112245305,1
63,40655.60219265957,3948.356393230397,35.0,0,3,27298.675884902383,7.62352534418794,1005.7540293217821,1
28,60435.47336534688,27661.29681004106,11.729170391055312,4,0,26499.949475891735,0.0,1972.5957387303233,1
46,41942.95260385644,14296.29390338893,17.800309252257126,3,1,24642.83933708213,16.002529917212108,1213.1546277032123,1
45,43687.274857537785,21420.03457421021,28.616598188987446,1,0,42259.840545004394,12.244606402713181,2904.2327199416077,1
42,68940.90466957669,11525.405715204808,19.68692284456981,1,0,18293.426807306456,16.13422160425499,1923.1299172649415,1
57,54306.31128681858,34443.017102336904,35.0,1,2,61050.59295662222,15.607117445544503,3486.2202732462,1
33,86313.66475475821,9234.351758168032,10.657935756764537,2,3,16574.352533896927,5.240467675992036,3467.4189223035146,1
63,46319.81538334742,14625.702458938253,33.36671714268398,3,1,33860.55130134651,2.653352686749117,1767.523316085683,1
35,72988.0539845408,19074.487026973165,6.92654630648263,2,1,25876.545383172925,0.0,1872.7038230702174,1
45,56753.44143324008,7078.176729130419,18.938666220521814,1,1,21885.72034104252,4.968829375535173,3080.9956874152867,1
44,69324.0041753962,21305.19528587595,21.271659697700258,0,1,69102.24334434503,15.828264279179761,3481.8558033031914,1
59,46951.16216806096,34119.1047746749,32.93374788127598,1,2,22097.021854575665,2.8607467125139774,788.6414495391846,1
40,54107.94092407151,13095.378393062896,19.030711620768585,0,2,24515.018742136323,5.950395025681221,2853.5037830266024,1
33,52921.02017261917,21951.428190317256,13.45306949121319,0,1,18045.595227793983,4.227148754585585,700.0,1
21,39950.971932775836,1000.0,5.102354265784522,0,0,30738.731082400613,8.874975768038578,2106.3355010911146,1
37,66917.46762247155,17610.70799515159,13.510764921815522,2,2,28176.485387831508,13.430423421071554,3584.291127106608,1
58,66704.48210041056,14869.577140737947,33.29382000552968,6,2,9853.443647322518,0.0,5308.793120077426,1
21,65683.9845083002,9815.02397589615,0.0,1,2,22361.342441742185,0.26112009184703666,2385.0585492659293,1
61,82665.3817705176,28814.504696285323,35.0,4,4,40974.35777011131,14.433100196371775,1477.5957094669593,1
45,81088.20642225347,14737.563183761718,24.482279384000044,1,1,48485.76328959517,10.665334372259048,2137.8570430264404,1
27,48250.995582715565,16225.225129064125,7.464745870207842,5,0,30432.011033378643,5.703097193257706,2659.462719236274,0
34,61714.94173181521,14228.071252109288,6.4366959226616745,1,3,31061.90623175777,15.53541380963205,1996.7828844150117,1
45,43775.18759335217,1000.0,26.014598134716223,1,5,23502.088708225023,0.17485556805047775,1767.6586916181757,1
35,55420.395690061996,6680.135599230389,14.857100858143472,1,1,20956.049364758106,11.656067455955164,2215.8349941748907,1
25,44204.509915860435,27610.934861202164,4.438879917239863,0,0,13447.685462118556,6.658809455680004,2956.019539602718,0
50,84161.26556444893,1000.0,23.853120138434118,2,1,1980.3098236988772,10.032719180064465,2447.5319548492885,1
51,61546.56670617333,10336.846503842944,27.679425708080295,1,1,17355.95986608234,0.0,1806.5574799162705,1
26,51075.4756941204,14002.799437102361,0.0,0,5,46272.95161212924,5.696483200528253,1996.9437502827855,0
33,76485.13429341478,35436.21867291565,7.771220693898569,0,0,22360.495031450813,10.683983580181858,2227.527305296611,1
31,18000.0,25686.03765496369,1.0328390061463781,2,1,23771.663693507246,6.683348908025855,1700.5162421742045,0
50,18746.153292424788,12428.294729469006,23.873799845039393,4,0,23421.26640513635,13.276488864004257,1963.5695032510116,0
53,69325.09579395593,31045.13697115551,35.0,0,1,52404.73798498922,13.109025035703933,3179.2724005433665,1
53,56088.432066112626,10594.841794988803,28.355954742723732,0,1,13289.113730435925,2.2071818738970403,2392.7111348970584,1
63,59508.03340469369,28090.998037340054,35.0,2,1,34986.960091019886,11.119963256668402,1021.8617368243836,1
55,31124.870140266125,4411.2275407698435,35.0,2,1,28767.60959573705,2.0366867138587983,3522.4538291584768,1
35,54581.79320469341,28732.578317891574,8.70607454346714,0,2,31222.68285170584,7.270077205773783,2975.047837806565,1
25,91063.16938722416,13938.663545290143,6.857606435667821,0,0,34398.30732809611,10.280641246538105,1355.180332627522,1
48,69835.59315632553,7714.957590587303,24.26277352391662,2,0,31028.96892482526,2.823585343697091,2271.158894497493,1
62,58054.71781257062,15828.56386923686,34.84159191802398,0,5,44274.393959716544,10.934630927821912,1887.1110538479904,1
64,47097.02961811112,20773.441797202147,35.0,1,0,29473.36809666728,4.473221269240485,3209.2151381716685,1
31,47897.688666350914,13052.515694742879,8.746880706431138,1,1,61398.775081662556,4.09651236293826,2265.5129965571105,1
31,18000.0,23539.53505995324,1.9430611623369103,3,1,30800.63890140323,10.533254917698578,2534.5039995026345,0
22,59637.52757658089,12170.061163359325,5.073634913195734,1,1,500.0,2.820135281582907,2429.7250221419686,1
27,70218.69595267337,24203.72393931358,11.203771607489728,1,1,41489.58644658717,2.565822653184525,1267.8789232471465,1
45,26638.85211092893,22422.220620365995,23.75464755777056,1,2,37057.74249467607,12.20578020015041,3864.8565511614397,0
45,43094.49593847731,17390.76945292065,26.761749932567337,3,0,30585.81057171464,7.542785759624669,3196.0970514651676,1
37,34165.6366197984,13586.176876340502,11.487214000199367,0,0,25327.7163188194,0.0,1927.3547590551188,1
34,37623.67849344226,19515.40795765266,14.290665336395925,1,0,500.0,11.278206891941053,2772.6757288958083,1
58,55962.6692827942,23502.537430336994,32.94993568886827,0,0,500.0,4.966993838782775,3476.706123362649,1
41,18000.0,38617.99152731609,11.688786242832899,2,0,59655.34596895466,0.0,2650.1669114818324,0
57,66056.86789042715,27394.20421798181,30.126797675325495,3,5,19460.953144211035,0.0,4001.0787680012813,1
64,68569.39125880628,27759.89949815841,35.0,1,4,47381.16769593975,11.517071485162043,5226.065757726025,1
35,50480.153415335575,48885.121948602835,11.24488209351893,0,0,1145.4010816716873,2.700409669442145,2486.4904376797554,0
30,18000.0,23159.58476767844,5.690796173456501,1,0,11156.550683371217,0.7807761435074934,2075.723231263222,0
63,37064.46473195699,22846.435113117022,35.0,0,1,42215.537043870885,10.197014151929958,1709.5316731813482,1
49,77192.23481384854,25040.15074321654,19.438625497317865,0,0,28154.981357424607,11.02895798154427,700.0,1
34,18000.0,7910.340224117468,13.465607378537719,2,0,39678.009095808826,3.0644850070268537,3723.33054630468,0
48,48744.57858051665,13560.983635812438,22.08823482394415,1,2,29754.613813263462,11.56320329802989,2281.8555709430466,1
44,33759.98598758934,12938.30733307666,24.148487269384045,2,1,26261.904647881045,17.27446460556564,3387.82017272306,1
61,69482.26542852705,24476.139772195616,30.284439996016303,0,1,17759.211092851976,13.733316354855486,3568.806953799938,1
32,42847.948861417695,16258.254377788013,5.907103884904018,1,1,8507.952193259986,12.955285475984779,1627.1267930620807,1
65,62271.17237324101,19382.234254743027,35.0,1,1,55248.623215184976,8.57064561066265,1762.267224729329,1
63,65178.28754504368,28874.546201484645,35.0,1,3,58211.56391033786,4.781408972355388,4170.218200505389,1
29,88052.06511514036,26631.50738704139,5.88159505254856,1,3,11303.34681460469,6.72056973551622,2536.9413651857585,1
28,51347.04501384334,16382.78996958753,6.709544058226554,2,1,10126.576163874932,9.203708018313812,2005.7412165931664,0
44,61768.798653207006,11300.049031217775,12.256597027201128,1,0,23740.08343640234,0.7124402067254989,1659.3440345862055,1
23,28269.001375706153,29352.747316531888,0.0,1,2,36127.83026753674,3.153090461967701,2472.689797638999,0
34,76427.4441392874,25738.91180909866,6.223918482888756,3,5,26727.27225677995,0.0,3957.1049788804494,1
40,41310.840734715435,1937.4318170461775,19.96046753744533,1,0,38991.36117445899,8.175933111457065,3216.8941835868136,1
64,44906.42504642058,14868.460610917191,35.0,0,0,29113.51894299542,7.415269611977685,2763.5861116797146,1
65,54599.53969271421,19655.154620167625,35.0,0,1,27936.6394539138,3.7364566726569337,4029.6688492319436,1
27,26868.08178388271,25788.297171210314,0.0,3,2,73435.41726185763,11.102496026898706,3856.197648473456,0
61,59117.86052072088,27101.01494939771,35.0,0,1,20546.341471284475,1.776998170358457,2900.709989650272,1
25,72414.39291265019,20839.060011754736,0.0,2,2,59519.04407084185,3.5508262991138007,5098.507691782521,0
54,60272.80882295125,23852.475313588562,27.981523469135713,0,1,56043.53521825555,10.90263242456253,2377.319159965842,1
59,26399.84384478295,18641.368023781535,35.0,0,1,39073.68311852368,11.644078900630689,3588.225647443274,1
61,52771.43270206613,11261.483118194394,28.476366078127604,3,0,500.0,3.0213689864557836,2246.3030554620855,1
31,68356.52025363084,15387.35608958746,11.307675862730603,2,1,30559.034826533312,8.160213023716203,3412.5635927774792,1
61,21196.202212613658,18189.911866401082,35.0,0,1,20735.494366880157,3.1059637961048425,2376.4515347917013,1
26,35654.21175128115,17653.2074998141,0.10610895714879742,1,1,30361.632445928524,6.013302332113479,3015.2314843253193,0
44,70777.78487346736,1000.0,16.133367813942172,2,2,10866.59773701812,7.719186970757818,4751.122318894297,1
42,59861.71781555116,14025.166650705687,19.44294440041514,2,1,43612.64308290095,9.801830994079673,3456.6666212431473,1
35,62415.48847828157,18562.056530891517,7.1564576287136745,1,3,47729.730487999186,8.587795067465548,3029.1570014208664,1
21,88470.9065372196,15186.30008094299,0.0,1,2,51060.43743720495,8.365811702701214,1902.7674870394478,1
55,63433.950013111644,15531.762044884143,31.521804772255216,1,0,23120.783105078386,1.6075083144649733,2769.4058340529036,1
36,66841.98418779724,22879.913708045875,11.896853108202293,0,3,10930.34816315808,8.941383196537489,1692.7977485829347,1
50,103793.41948992986,7210.428129513661,21.876065573931033,1,3,36330.26549647412,9.755326755981496,3398.2787134133287,1
39,51151.51795437117,1719.5778604878888,15.935244301401534,3,1,61609.33779867734,10.444672650435663,3375.6898757208564,1
37,40638.11025486709,14518.302091633252,13.160039777852607,1,0,31249.01342304361,3.402399102645564,2438.328098677769,0
60,62700.335168448386,25641.144055017896,32.95392830085743,0,1,38141.3475500178,11.577928082918039,4097.178788195338,1
25,62901.83852900011,34875.530394866386,0.0,0,2,25771.377974124036,0.413825691115874,3970.606462432993,0
54,45519.12294496825,25821.282390947403,24.494851924017595,0,2,20937.536293876266,4.845909229779755,2734.6819386013576,0
54,36416.853648012744,3317.3624013115277,30.205379541908933,3,1,41848.96689488098,5.62240458852918,3108.960009489025,1
38,96577.1995976214,15676.327606232288,7.993994974562491,2,2,28090.79818790042,0.6879546874835043,2070.3885038530084,1
32,60883.18246698441,20566.343810815295,6.559640530038248,2,1,37263.41240752794,5.546444942475979,2355.0375254330706,0
21,41818.863134762636,19775.911169235922,0.12902663658551639,1,1,39135.123430986496,8.107404571724006,1629.7930574327847,0
63,71486.74544103278,23393.04552942874,35.0,2,3,36255.303104500344,0.0,2169.4967092511015,1
63,53035.387271895976,8829.510535392392,35.0,0,2,40041.395748979325,5.026558081145772,2506.050022169772,1
31,50448.133966279034,18649.430875507427,7.0306636487637055,1,1,14645.896810318352,0.0,1105.6694780104579,1
22,65120.91169446088,22203.228297761292,0.0,4,0,13547.471585757034,17.20769392158472,3119.1325774965103,0
26,31746.11917182958,26256.709533036596,0.0,1,1,29232.811081069383,8.062456084669918,3519.9154434736465,0
24,61347.289670509104,9942.81833387208,3.329375239639437,1,1,29665.896235297543,7.629146419155039,2592.874038581608,1
58,89433.18653917154,14548.43132757102,35.0,0,1,20598.189119046685,8.160367058295703,700.0,1
61,63391.197919551596,1000.0,28.43255022381089,1,0,34338.005335464164,10.022603153004162,2372.3065120264123,1
27,48228.182131897636,11785.380324222258,0.0,2,2,46347.91375501271,11.890774249172642,1345.9524088692679,1
54,45872.104952291644,12755.85107028957,30.328602619145794,2,3,51375.21373476274,0.0,2051.3428707169232,1
29,47613.88047978803,7804.15491832557,7.758678332568479,0,0,55420.713707648814,13.550887987133786,3906.742670565672,1
37,50428.67179513994,19656.121502326518,5.27550104026508,3,1,6333.5700649706705,13.229126470086273,700.0,0
47,48199.482410351106,17440.54567954732,29.511154731838765,2,2,9066.025673248343,6.66826694571229,1865.2737276013777,1
53,71493.6059393422,1000.0,26.060493129711908,4,0,24786.382918050367,6.406356546584002,3346.6126506694036,1
60,23802.236142238304,20155.079693017564,35.0,2,2,31445.157738132773,0.0,1968.2664924062055,0
23,70516.0009074184,8716.758692109726,1.3122898495913238,0,3,25708.4759305742,0.7800441889920569,1899.4128405452673,1
29,48165.6425474339,22856.88959190515,3.2445174965404124,2,1,20052.49205671411,9.594246381315786,4429.165551746775,0
33,61785.0601425167,5181.487522713345,6.391004360915177,2,1,24520.4716764473,13.003087331549459,2940.5486540694715,1
34,34714.217616384456,18300.0653853094,8.029243991860238,2,2,38699.64880378505,10.644184610583986,3440.872169928778,0
65,78915.35920328985,15168.36671113494,35.0,0,1,6066.795957743419,6.621424671108553,3045.202746086797,1
55,77421.42928309372,21031.018849503303,34.70924232155004,0,0,72180.42910656784,16.629363502842224,2745.5276524389005,1
35,72272.62946350133,19246.972776513467,10.530141143503455,0,1,30377.88378091739,12.025877781835693,3737.622418974911,1
64,27734.41403571629,15448.358249785455,35.0,1,1,48915.253096117056,5.030867906275473,4314.811944020557,1
43,69924.17927918895,2637.2768595575526,17.017863746221398,1,2,19559.91189063886,17.91055325976707,1084.8347678504194,1
43,62287.39157744276,3227.920365389684,22.766026300903366,0,2,40338.292665445835,1.5191638264669978,2568.2143794316576,1
40,26105.11755161378,12161.130609077809,13.36630419524909,2,2,31801.63931091436,0.0,2561.121126441415,0
27,54562.64709212532,17917.20116070413,8.140797217821245,0,2,45422.551089989276,4.894473064380385,2213.650488218977,1
63,61561.62080259873,11917.52052800883,35.0,5,2,26424.355479172464,3.2067991098970743,3482.9545665260944,0
21,65009.35492881671,24252.119305794655,0.0,1,1,57928.144207614205,5.175341927565505,2831.1989142671514,1
28,58190.7046050794,15207.790807883164,5.622262301391047,4,1,3142.994745233209,10.990453482005577,4332.9255779985015,0
31,60242.165503252836,8349.872752204898,6.6141942313099245,0,3,47088.72894356442,6.8301021419766075,3590.239768366492,1
33,81525.00506055572,15219.037070120907,5.468446998052273,1,0,32136.955599594865,6.958516161901073,3828.232194009941,1
26,77068.61037839224,20258.598363165525,1.2937035103000913,2,3,11670.119429287017,7.2940740810445215,1520.7522020123895,1
21,18000.0,21248.847188245843,0.0,0,2,65137.18566084798,0.0,1874.5226683846524,0
51,49286.10601292172,36783.79131993129,28.151270802557725,1,0,63276.559078216414,0.0,1948.677690617204,1
64,52036.28150420888,11310.906599965805,35.0,2,1,500.0,5.073443672852892,3790.8069220254047,1
26,23462.22569091452,17265.213384095998,0.0,2,1,33182.118972224845,2.7853559932613123,1729.5413424813723,0
34,56695.29504818162,22261.239468194264,9.069412134284244,1,3,42701.925985153255,5.841062564269411,1755.8590857103143,1
43,77477.63990338912,17765.770407991848,21.95310671503969,1,1,37950.68654972067,14.02064189804045,1590.7801243395002,1
62,35441.77852736937,12993.818540113469,35.0,0,1,57279.532949011795,6.627752513034013,5077.724496990878,1
52,61055.2168964177,2507.4282365575655,34.42284559786498,0,2,53537.38873526306,0.3891589113850715,2471.9912813004885,1
55,38515.17740866412,12891.654409469844,24.99153094773959,0,4,34773.37241370927,3.034501063676632,3076.899214903158,1
47,42905.58357376582,7262.9758728219895,26.115762356298458,0,0,70987.86502340945,15.552879544961268,1573.444413804318,1
39,81593.08541506063,1000.0,16.221801872828753,2,2,46863.237408736386,14.662469857295076,3463.332559927981,1
29,45233.95923798715,10043.211583294134,6.2490968517767245,2,2,23674.539086797395,9.97938717824441,1003.7000372817618,1
59,63319.824802191244,7529.082792335455,35.0,0,2,20057.74329308967,0.0,1718.8975293196008,1
57,21318.073910902232,23837.86545292948,31.099122724348295,0,0,52380.14705352494,8.534024675520747,1941.7634904752001,0
22,88521.71610510784,24010.918374142937,0.0,1,4,15726.823922452046,8.91848549575351,2796.9843846574468,1
53,65847.74403351698,8961.207104191251,25.67864611245639,1,3,22624.710969747408,7.127701041951201,1886.2259173215266,1
24,51715.00283229529,15397.71369436879,0.2866023372953919,2,1,25687.705953812736,4.149944721953203,3971.5982909861004,0
54,65359.8371799981,1000.0,28.451806605431393,2,3,36401.76107897071,5.1868447806512785,3052.900883983782,1
58,29623.250278939413,13056.600498173058,35.0,1,3,26517.74946669153,3.801425464064639,1979.356916524145,1
26,76285.55335154783,21989.819007023456,8.646948166984677,2,2,6294.523863357506,1.2746302082048793,3497.8553693616504,0
40,49168.27404106426,26249.37889614103,17.884890675068164,2,2,50917.43528383374,13.82993917734122,2246.043885854248,1
26,51326.74872912817,10869.529183086863,0.2192713508006705,1,2,22720.824321867927,11.411568975148477,2068.6070264838986,1
46,46150.19893062128,28518.548605275195,26.2104920252638,1,1,66358.83483839085,5.57535278708345,3406.2340827457647,1
62,44548.274750579476,2843.080784865284,34.45542582406552,2,1,35471.82013067711,8.760891541838847,700.0,1
24,67504.07100931136,5523.722008562076,0.0,3,0,52809.73471923887,8.948504451952676,3261.335360055838,1
38,59606.323301876015,25096.618656378763,18.023791824098485,2,1,41355.50725525427,18.71441779038031,1958.2146852077074,1
64,66731.46654525472,34711.21228563247,35.0,1,2,53671.01288621927,11.362843404578523,1956.8534267128653,1
34,54841.69558925971,22934.319881836953,16.971042977288597,1,3,40266.101932759775,11.173848093640522,4362.32324143045,1
26,64237.59659938926,17596.576134659877,0.0,2,1,34233.03901185252,7.1899050653466725,2121.9085054071716,0
42,47460.72260934931,1000.0,19.926523879313393,0,0,49678.213653417304,4.827880207949121,3460.3231694861524,1
43,95135.17314537187,1000.0,21.842901481110676,2,1,74747.49806265694,13.913551263308076,2851.320256248521,1
50,26777.252504251024,19294.09536895869,26.8594361559713,1,3,25143.655105112244,10.261360587830922,2944.6919228146157,0
35,77696.87182413372,14419.373304288254,3.201188563435158,2,1,44308.685779050254,2.8522902297280037,2374.5119679556265,0
64,79622.33411297748,6941.648178478821,35.0,1,2,29905.591394817322,9.26933277169919,2327.5560478913917,1
44,39661.14149261931,18655.325808300506,14.979966209767401,1,2,39109.06236887462,11.18693044210406,3975.1895511457033,0
33,95126.92499000752,19151.313675078098,14.828650817207564,1,2,30758.85403637761,0.0,3437.414062809409,1
64,72918.82509301572,27444.158685402726,35.0,0,1,500.0,2.3880660370766638,2150.287137259056,1
62,72480.50212281241,19366.022830127007,35.0,1,0,26396.639080712815,8.813824130199531,1658.7114733795145,1
43,55504.39936646578,30283.943683343845,14.465823193740048,2,1,47991.99131055361,0.0,2073.9736399574012,0
22,51089.92915206382,18079.940295488133,0.0,2,0,16226.280781165731,0.0,3483.3457430457065,1
47,51230.641113287056,16846.650051926637,29.44332391961898,0,0,46577.03597528778,5.647691298028693,3660.822597199767,1
45,62029.55073375131,28643.121862471824,25.16746156121475,1,2,33304.964959026205,9.457721295474713,3099.449241814338,1
27,80221.35295061013,8215.591199585655,1.0852145478512154,3,1,26553.170444624237,9.688918534505591,1144.9061619124245,1
49,58263.65592150555,46144.47453266161,31.048154812967823,1,2,46304.67693510062,14.911997763457304,3278.4011724758425,1
58,38594.01478352878,21752.574781667357,35.0,0,2,42258.56778415671,7.411319439447495,3773.220383242613,1
25,69839.68712292964,21808.292528376733,0.0,0,0,37569.84728156463,5.1367357326973915,2756.2008911102334,1
53,71580.71343510626,23250.959739725975,35.0,1,1,48286.20365004745,0.4632020692237582,4381.8227500415,1
27,66783.87151206016,36771.364753316426,4.13008300172771,1,0,33655.76975259445,5.0768619178648215,1411.1264096819982,0
54,68418.98031744969,25925.074116726068,26.501930588112394,0,3,500.0,10.537646539983637,3216.3267684022776,1
39,50123.293657159455,1949.4402099607632,15.740409203407896,3,3,23193.82428361825,10.763611017435592,1681.8007773833,1
21,38278.194991649565,32034.703847675042,0.0,1,2,500.0,8.323095033642463,3552.6877176173743,0
64,39372.51824846596,14591.034205549828,35.0,1,5,41832.56687175541,9.735574676473583,3151.574770166925,1
28,25561.661527758555,19071.550728393235,1.1458497834342658,2,0,46131.59710727342,13.381917795372958,4221.220235086455,0
47,59265.075007827094,5207.460278247336,19.995384466698802,4,3,46950.640358394754,7.376359215599793,3049.7377316374013,1
29,53497.92190192131,23262.020181238957,0.37045610016401676,1,1,38803.704586136475,13.836594188751175,2236.39458374563,1
62,47080.22131846524,11486.257099324477,30.805144757666877,1,0,47422.65232900738,3.3667658035032697,2158.0368088210753,1
54,18000.0,19001.696379934736,29.971680615719574,1,0,1621.1399111857027,6.633544777297547,2374.8404830885156,0
57,32548.28554550496,15159.00994639217,35.0,1,0,28063.795407702823,4.595833850697899,2140.3483628967333,1
40,75175.131725257,37250.12801735852,17.71503515122679,0,2,4531.512201452129,10.96352565869504,3812.398073762557,1
42,43036.731998863645,37822.60300145589,26.781460352202412,1,1,23550.066969493997,1.9275777670427567,3748.0744490855504,0
49,61490.650197823146,18465.131702147413,24.80930432300789,2,1,59092.53124678963,5.391172622482546,1253.0892995518843,1
56,29967.662260445388,18639.777113688546,35.0,0,0,49678.269282384485,0.0,2634.524128774382,1
59,80896.69868246616,14265.57033650485,31.281788317084246,2,1,41921.13731653959,9.971880427849307,2656.242365120131,1
21,52407.50211901582,29060.062915027862,0.0,0,0,26730.835885188422,13.233951378627415,1896.8342463794174,0
50,60220.72713670363,14710.801296666228,29.40987864730715,2,0,12115.293879979527,11.553539756500482,2994.4249928664594,1
25,96864.03625387032,13786.627253543007,0.0,0,1,33366.49830811972,11.063138067348888,3914.7657540452024,1
33,82295.92181060926,27785.928636649645,8.972077787030294,0,1,49992.16497280152,11.197001979899742,3402.6280855579394,1
58,49481.81881683296,12617.009046833506,35.0,0,0,37377.686806666214,10.498469142182525,3812.3615500478036,1
32,44322.03667233353,17622.449655514694,10.7326166289064,4,2,1457.5657946778847,10.071978112530397,1953.3789372179065,0
56,49140.18979264843,2186.892184890072,35.0,2,1,31882.996148085036,10.394567288143131,2632.8569954900017,1
41,64178.16847257764,25041.90345123167,15.475370948838009,1,1,500.0,3.7215893504622057,1910.9170886604688,0
31,53105.96558348432,37408.66939181869,2.1910935474079096,4,2,44475.30899590813,5.999032782400767,2815.4870635225097,0
36,47885.60538993751,25212.25372799792,15.394206501742405,0,0,17525.86053479913,7.351216303542564,2896.505818196523,1
44,81409.26251276277,32617.99167547305,17.594461288672363,3,3,7983.814802647208,5.321474306502432,3463.854204860816,1
55,52944.221947998936,9538.978638226692,35.0,1,0,44722.75192917966,0.0,3782.1426684622606,1
48,96392.60367467174,20363.24282028201,28.68124405698242,3,1,40068.801069311754,0.824955065530312,3220.0794475511857,1
62,56633.36614753911,8568.400756306104,35.0,1,1,34183.18132345579,8.14988057511737,1825.847123443207,1
60,87135.7310960451,15722.344544186572,35.0,0,1,69450.74304871893,11.528879543609591,1383.044557108204,1
54,61431.74960879128,25722.11477352505,34.185743236185424,1,4,41429.99705260721,7.0467095457985325,3068.0180276347974,1
48,72333.29031849006,19018.206131032985,27.567210188594597,1,1,18390.77526130739,20.824109309270973,3950.468997975091,1
34,41957.001072680956,3873.5897739877837,15.838926945629908,2,3,39345.66961472895,2.401187849223649,2577.687310638582,1
39,39632.33399342659,4849.708944622465,13.217364825827577,1,4,24850.607818864028,9.224710710328491,1225.345794080283,1
26,63274.70719026978,4188.360685092262,5.335302929453404,2,3,52801.65879414604,13.456013053247208,4476.280361037214,1
37,72793.95836437568,22914.525899395903,13.478344124176058,2,3,35057.589722947705,12.328385605827894,3040.4640951453002,1
62,55724.617036008334,38638.94535656668,35.0,2,2,36838.619162408075,10.275334308873092,2754.0273644442145,1
40,31844.91996849345,31624.58244000213,15.066493032689323,2,2,4037.368616484706,12.35126986921055,1548.8259640942606,0
26,30515.349406792113,1000.0,8.44315383459383,2,1,31104.32915105314,7.2769717382885,2614.594600605907,1
50,29311.54476064766,32210.75938069784,26.243848255910464,2,3,28987.214623225333,15.314408724102751,3218.195745975998,0
64,23182.80196709114,27364.004170146472,35.0,3,0,11564.157806210082,13.415795531771309,3052.718648498192,0
60,56970.736470047574,2547.000544712422,35.0,0,1,26012.97324500079,2.738861996447267,1988.1015846628106,1
33,75250.79059074445,14967.983832895025,7.926347000416997,1,1,37843.54398451341,8.607839688171934,2548.6412453382504,1
41,54758.51583535344,28955.224114958095,20.60083671583043,1,1,29921.707211807763,0.0,2045.593968166911,0
44,18000.0,23504.335109347852,18.631162508394727,3,2,4582.205551487394,14.608944866178547,4097.745424606754,0
32,51566.311713978124,4909.049476120144,13.35625457962011,1,1,25082.09700245502,8.121157205158672,3405.3865807725015,1
33,52069.61806061307,24107.42155796194,8.663393157429187,2,3,21575.553797282264,13.743864220335064,2128.098618260323,0
31,92727.97750405791,1000.0,2.9565830802245947,0,2,33483.24341456129,6.453212476160852,1548.3773070304676,1
65,28771.517567447987,15771.778242427887,35.0,2,1,31539.586114099602,0.0,2850.0335740081355,1
54,47967.803153214474,29379.567694000485,30.25808465717447,0,3,22590.964881986758,20.186837705349955,2156.4643492544496,1
58,85705.34824980216,18183.942155713197,30.530848091279214,0,0,21888.058018379677,7.6554427359362,2223.524002667655,1
57,63099.610144237864,13010.624500380542,35.0,1,3,31210.006583720995,1.998956882991001,1578.307279795602,1
64,65139.635323295646,26893.46253772349,35.0,2,0,47333.581589758134,12.728811441954443,1689.732147930432,1
25,57062.51986642981,27747.518150865813,9.577664784621978,1,3,35015.529408747345,17.17928640622148,2746.4031373044722,1
60,60938.983695830764,31100.396928669503,35.0,0,1,55615.247855232854,5.987809127714932,2359.8093969421793,1
23,68996.97154501364,26743.424284463872,0.0,1,1,50397.43761915403,6.503787946365141,4846.862947418625,1
42,40429.24625993021,28813.747939371468,16.511643008376744,3,1,56940.284931764734,8.190231173557896,3134.828089401032,0
47,70805.0544203476,25329.085574375345,21.15592279492008,1,1,54635.297732455,1.4451468422394989,1563.474336729188,1
37,30285.945696060295,20655.28649116472,15.528508042868097,1,1,58133.09130133301,3.5466627520931526,1217.927381284598,1
27,60910.623510967685,18895.08999763814,3.3454587569954914,1,2,9243.429411517787,15.90962932182511,2958.35424979229,0
29,58217.33733915389,15627.40280902598,2.2922632819138964,2,0,41653.67300238843,6.338967810502426,2242.8196147456847,0
58,43906.724412542055,5876.317069402743,35.0,1,1,51929.76995155014,2.812215109873949,3798.32745455419,1
35,54591.66504413836,8446.884911801912,14.91454172655712,1,1,55182.49179341913,4.739790518183627,2853.6774546139454,1
34,43794.277252020045,15179.855180647903,7.422300313869048,0,3,16127.061365748852,12.364118436650672,815.7317212751,1
62,35709.3761164886,20414.521596024293,35.0,2,3,41832.84944876588,0.0,1682.5181314242213,1
27,48634.9346509544,32408.125980042634,0.3274445101160363,1,3,31353.655169107544,8.273249486769247,1992.246149593584,0
62,35128.20456331009,17582.027721244875,35.0,0,1,63247.08419413701,19.31109372521231,2997.833244531415,1
62,60810.354353678464,28034.76290877664,33.52202554560018,2,2,5028.750760899889,17.155313136445148,1652.5228131361287,1
47,34298.46110525746,28793.15656432121,20.25488178183687,1,1,16152.78753438842,9.866013904093364,2737.5358345627187,0
28,67815.58641383893,15685.53202311209,2.9045659636591394,2,1,500.0,13.582213050219902,1397.4651609088278,0
28,33733.37677728124,23946.90211370184,0.0,2,3,32603.093166595478,13.534131423981375,2605.5668770806083,0
33,44806.691519541884,15564.719582751386,3.9113564154545015,0,2,70749.12484685372,6.3707399825545075,2933.0233860033923,1
46,43757.13865212678,31221.35894078477,24.50477393375115,0,1,29201.850866400742,11.623969016821533,3915.359285622164,1
27,78852.6411197471,24358.43338265932,0.0,1,3,31818.599805436574,15.942915093936785,2821.0178812446497,1
41,60945.21902109865,6095.162453116447,14.67655280362371,2,0,39904.297871217685,0.6811887843793443,1864.9385681742954,1
26,51188.79155420091,19615.246521538465,0.31697237123719924,2,1,27906.771269868765,9.883254387407984,3943.7045782623427,0
45,63976.94993925502,34481.1216182388,27.447787656247723,2,1,36588.46834459345,8.80737724044276,2435.139767412981,1
21,18000.0,16187.689654532987,0.0,2,2,37059.81004790065,7.515822424871056,3296.210091291302,0
52,54223.59538646367,22477.15030095068,25.8793984462037,3,1,14779.980262316518,7.073166528326902,2048.3938059468696,1
23,90955.25520048573,23458.78837739145,0.8633044232760734,0,2,28307.15919210597,8.158349862652143,2681.7004339031723,1
29,57382.23711524811,7633.771008353995,7.943373328695467,1,2,43354.792676824436,8.577860989247425,1878.8588588798493,1
28,56222.43704504804,23107.07949213514,0.0,2,2,46714.37009813572,12.593076464315892,2890.033959814288,0
58,64866.31083355953,4061.6484796537425,34.46173956451229,4,0,53373.02981149695,9.3825733161359,3323.445285647256,1
23,71120.89437965822,11743.75893598604,0.021048040653425915,0,0,36037.84920209029,6.11061702661814,2154.6806520279024,1
40,19045.59952798253,28757.22967494192,21.160431244966368,3,2,36404.14280239993,2.800392712544854,2104.092872551993,0
47,24718.123327761517,21567.56290308358,26.810607225938256,1,2,43503.32757386325,4.637787410864812,2921.136396617566,0
44,58785.24323955064,14955.221922534729,15.913719311861115,1,3,19294.136155716456,8.305830514395153,1857.48562701819,1
51,42132.221885844825,22464.610212451873,32.236019506258245,1,0,18555.97706419508,3.4696463105883644,1233.8506813980637,1
57,78616.45471995845,17399.077522448686,26.05459155161233,2,1,27753.638562220825,11.72938544357311,2917.876776561112,1
38,49326.86098206597,18125.785023518332,9.918507284365614,3,2,7049.681408026136,9.150275703364276,2503.072541042059,0
58,20178.44675716388,24568.185267201377,35.0,0,1,37324.21389059836,12.717637100285051,2484.026547703479,0
35,32175.749496808054,10726.32259340868,7.9024587710436665,2,4,48883.476651028745,3.8059038951648687,3068.9633731231156,0
65,18000.0,18403.364055546906,35.0,0,0,17219.214392909624,2.844661676758755,3194.6753171873706,0
43,50785.740328907574,14877.318053933472,16.502218964624358,2,4,37832.68541793488,12.680286131338326,2455.098297571521,1
54,51609.0857092411,2143.9662539974433,35.0,3,2,18675.641083044116,7.649769783337771,1589.597535239043,1
60,47359.67122392584,8795.442437507003,35.0,2,1,11701.64096409133,5.987414355490548,2025.2718771459686,1
56,74419.8227025353,33682.06447063832,35.0,2,2,67000.098787674,10.493302478261981,3126.4675374188505,1
59,76573.35705730048,21847.23314585234,32.3261404158654,0,1,11959.803551689638,10.307246193228636,2722.7623971004837,1
45,51933.00837959,4764.1169859861075,28.947480586862664,2,2,6972.252274418788,0.7211813163335394,2105.216570818268,1
22,18000.0,2596.4562415158944,0.0,1,1,33864.87714699563,13.923225615430447,1894.0521627483886,1
43,66111.06844886065,16878.36099889416,25.21537263898994,3,1,34833.38661229379,4.947965282923131,3156.0405292303344,1
29,64996.48411315436,33611.86533176482,6.704544713843372,3,1,42010.178541418936,15.500090238709525,2400.51283499415,1
61,60569.04826282501,16132.418651956474,35.0,0,2,66022.10496317832,0.3322569321816866,3277.4451008949227,1
31,72666.63548754608,31069.995534040158,10.696181823960359,1,1,16011.663326496655,8.586994412401557,3391.402217694705,1
31,34033.09426370128,21519.307708186574,6.626143000276564,2,3,19588.13691646979,6.07189399530762,2318.444224743334,0
32,91157.5969513325,22712.50457845894,3.826946586211009,2,3,58958.49895152343,0.0,3454.6827363524885,1
49,37730.30044344638,4642.7949069543065,21.724577118438866,1,2,46904.22777910412,10.291039890258316,2724.56877901574,1
46,68486.01268961538,27375.229217497574,24.144957728566506,1,3,44401.46407971118,0.0,2840.982413825636,1
63,24627.74150055967,14650.679627263928,35.0,2,3,19382.36348086826,5.541665695164871,700.0,1
39,38255.23562913909,26630.92453610908,11.705467017077073,2,3,50265.98796742054,12.521377388580937,1726.1708315088908,1
33,82294.63564105605,9858.300180138871,13.234056187772051,3,1,44457.29076325864,4.349820113524806,1774.9750725103038,1
23,50303.8031859847,19770.493475099123,0.0,1,0,33411.670826148584,2.481329242422402,2313.2107498367873,0
21,70118.60689239037,21520.029539376315,0.0,1,2,19471.29941579714,11.00178235281005,2702.9159068884,1
37,59265.196996946426,16459.666834241336,13.130558743398398,0,6,31920.519978992015,5.752409747353003,2739.7252925368766,1
62,53110.75319199689,22045.451930861567,35.0,2,1,59672.76399269889,4.97470152655089,2857.1722521121274,1
44,79549.30584878841,15336.029248074912,25.143805912365316,2,2,10308.580453133753,13.374962385846615,1983.5498678604463,1
61,50740.141156265796,11509.402469587207,35.0,0,1,15603.616774857539,1.1636063242271142,3222.2266673973545,1
25,22946.71406385753,34054.83382793964,0.0,0,4,18699.556168728024,4.70196372264789,4228.359599196432,0
25,40541.67834486931,28489.528663614423,8.198703484575312,0,1,22605.21919182459,11.332235055348855,2282.007601295786,0
58,64921.451116630495,10391.352549518233,35.0,3,2,29716.739642621513,0.8402632224524114,2002.6986493097165,1
25,62119.16391452515,23684.44305594613,0.7521907351079824,0,0,47254.27850763431,15.876735798680967,1983.2013584802144,1
23,26792.95149576211,10573.21145298847,0.0,0,1,38305.454059514326,5.915762574666138,2676.9210438774426,0
39,41961.83465065238,6153.153563376758,14.308423514993207,1,1,31095.13890906172,11.372636907061825,2126.8132013482964,1
62,44529.01571435956,28338.094413989762,35.0,0,4,34985.882551446215,11.36217589011271,1042.704428225111,1
52,48421.54730594395,1000.0,24.38841906869654,2,3,41231.83728653723,6.238560380187862,1288.9233147934954,1
25,30233.555405172076,27268.559135765412,1.3053657549631406,1,0,500.0,4.604939440767205,3518.1711255207,0
58,43689.320053849384,15472.776874269415,33.14278999390154,0,2,49288.51545158282,6.785177190229019,3753.6146361110377,1
58,41885.0112653285,15884.533969194714,28.099641259579474,0,1,15124.567028044758,10.563421237451875,4039.900629162177,1
57,68887.59867571454,22097.512196232896,30.82233434829855,2,1,22016.813318805216,2.0678757801957115,2803.673994901439,1
61,69564.18359782439,23811.98811994252,35.0,1,1,36127.835790664554,0.9837070563444819,1708.1850428415696,1
31,52375.41175440131,9736.568231710919,7.717569508878355,2,1,28642.695095929488,14.421013608768115,2205.7854657585362,1
65,47943.283674326834,25177.256087500635,35.0,3,1,38764.747939680106,3.325724647835518,1257.7511285181365,1
35,57518.63761670404,19133.705380252235,16.363587055734833,3,3,32552.9025322153,8.770419410142015,1223.0972094122233,0
57,40301.64806579965,5439.452071319618,26.88316544056625,3,0,24792.01883289081,5.988978955504485,2829.736439506454,1
47,34357.022520986066,16301.255164202608,23.299755946985133,0,6,57517.64704877308,6.2106719438829385,3085.1103944663164,0
56,38076.01823933709,31812.79015558926,35.0,0,4,42745.17957618243,14.151948606938223,4362.536200153619,1
49,43573.363048513784,34765.947982456964,31.108083192327342,0,1,35438.11185244115,6.574154061212381,2525.2157814326038,1
49,34057.47160373912,25173.484576086772,28.13308934044427,0,2,42465.3571354686,5.215869358910613,1377.9486702749589,1
48,57917.072063131745,6096.565118316299,25.920834570055103,1,2,17304.069131265078,5.651421818625536,2490.271654620471,1
56,68134.88212810675,22906.06902455888,32.93914567019471,2,1,69145.89135270032,4.482707904612472,2345.786720797939,1
54,26432.23058563165,26508.609038591927,35.0,0,3,10422.530380503511,3.6495465368747797,2157.891490881398,0
27,55452.3168018886,25257.07983318722,0.0,2,1,32037.035849281227,4.5027656854206,2909.3746107273873,0
58,51041.15568520596,25849.542886879182,35.0,0,2,24844.326984880674,15.316050564443078,1506.9747238045752,1
45,61147.156339662455,21632.63079247531,21.011081685583594,1,3,24160.54124231313,10.557444135302129,2717.6492895433653,1
35,54767.10217413541,17275.876611694563,9.828859530168994,1,5,21823.37838633433,5.274017255701638,3186.406939147531,1
44,28835.212961230645,11916.325040959815,21.483359285457766,0,3,16109.219982026974,11.908278173094113,3877.763993208767,1
64,32276.99262057102,1000.0,35.0,1,3,51390.15968654615,0.0,2879.338264132345,1
59,55529.62436052951,21396.417667133508,28.684627782415063,2,1,8315.349697508085,13.878391758578351,3538.808405467349,1
58,73518.05655541917,19860.528436521887,35.0,1,1,47704.15017630876,13.475778849134613,2200.493563724515,1
41,18000.0,23575.758428248162,19.256298555515627,2,0,41673.67922497768,18.181670070118205,2326.138753328697,0
56,61223.07843642844,4624.563067071058,35.0,1,0,23143.95962977177,12.057757195393284,3813.0623370940775,1
38,76413.19609517758,24450.166893150603,14.09361053206253,1,0,39586.931108289355,9.18617271932586,1365.5740175325657,1
51,52245.53422828816,38545.45094620777,25.668470166692256,0,0,27157.817681461656,13.455701924340744,2237.173727978966,1
49,64903.64492847594,18784.50130777911,26.985127306708822,1,2,10181.885906831667,3.8709528431320157,3615.6016760533694,1
32,42344.75654383956,17383.34680793459,7.519360869331156,3,4,10372.194215923686,5.0229175414892495,2409.9994567227404,0
32,52851.408413016215,21090.02356085701,11.923107835922558,2,3,41797.94729645443,6.678775907732805,2342.9581713158714,0
23,25823.556670453272,38323.370247103376,1.0979975411064111,0,1,40864.26582633041,13.844407654501964,2361.201095090139,0
27,18000.0,7763.522383001091,8.523070149622102,1,1,34356.20545774595,2.7206082360888306,2705.436597362521,0
40,71969.78442205495,20032.06933393905,19.18210695128495,3,2,22952.70229187088,2.189691512151705,3577.475457727317,1
42,37270.09130096005,10003.42577702356,18.34013280843931,1,0,26572.232394641615,8.182690391035084,3431.8083664908927,1
28,46800.498789938254,12529.952791550051,6.977992412570183,2,1,24140.043171047524,10.587652485379328,2610.3115173490646,1
39,30044.039441136523,17504.096921180608,20.257226717625148,0,2,500.0,3.484597120299619,3583.1497107417163,1
48,29620.545344490234,31473.232416135586,21.515083025085183,1,0,31102.55850461303,10.352089763859667,2907.6136669967627,0
31,51870.92139829691,36009.906006887366,3.589617582141348,1,1,39404.18750177102,13.841996710252019,3373.2081510387484,1
36,41867.61050555836,22481.421446267064,17.504210849017184,0,3,31216.9583780077,13.002308467417624,1674.4674733163017,1
37,61803.477963904574,14234.052769765147,19.97498115584499,0,0,61844.68509634564,8.766463842641208,4164.697460089757,1
43,63145.69154163265,42927.38866638519,15.70373341039108,1,2,11917.881393060357,6.547011255555112,2798.1917487308856,1
37,60775.29363384293,13724.4551867048,14.083444663365434,2,2,18100.133095913036,15.67811817823707,700.0,1
54,59294.81423671199,12288.640856402628,27.8476086559521,0,1,32394.341922306063,7.077019972457255,4093.5744561224205,1
35,83399.82768877395,1000.0,17.171211283619563,0,3,34387.80258346377,11.701773098076025,2604.549438089596,1
40,35783.31215719205,31960.915692447437,17.480379472927016,2,0,500.0,16.791407395927884,2244.055434963746,0
38,54011.172408347484,27682.45592371294,10.793999836943122,0,3,40848.56399776085,11.17634039814967,2054.885241331521,1
29,75388.4167693526,42178.05536116446,7.979252287744805,1,1,34469.703112000774,2.014543835464936,2995.551681680932,1
51,77761.71656808465,4104.766477818741,21.10192286216415,1,1,500.0,0.8048860934585624,1800.4499729564398,1
31,29408.25431179769,32581.708074791095,6.10640518772226,1,1,27899.233160071406,5.511852899684498,2080.784183596341,0
34,49377.60205019434,18701.355183661275,12.324183617117681,1,1,15446.252605103982,10.547495617291126,2102.4097065694805,0
56,79446.17972561068,26061.002168001363,35.0,1,1,21840.181242351777,9.223929334220067,2336.9776606679866,1
63,64145.423893583175,1522.2285889552913,35.0,1,1,5914.18587579847,18.035410327318367,2136.3125752413252,1
51,58514.73456663591,32680.81822665297,23.26848656190494,0,2,37491.3962161243,9.175281438807035,3367.532718489376,1
62,51081.67551817618,25865.167513318305,35.0,1,2,61711.97485026407,5.362793916246829,2843.9560743179295,1
59,48091.583337260585,17610.899652137825,35.0,0,5,34770.42433506509,1.3332894844505487,2953.733064509855,1
42,60187.943135625836,24451.126876611215,13.70596675609708,3,2,500.0,12.902186889486725,3149.541992165559,0
55,50457.2657502793,10345.04698957751,27.075445793364477,2,2,35140.72867199038,6.969693853958744,2516.215156850869,1
35,54233.584821200006,12205.599144183007,14.766338045312386,1,4,26496.501740417367,0.0,1681.7216037885592,1
41,56414.77671007067,13365.553863746038,25.436474482902764,2,3,10181.774374426142,7.111303014576348,4224.655231439194,1
45,42794.712487117016,1000.0,19.57264733658316,1,2,36365.22896503849,2.021309444364965,3434.7811891664714,1
64,64578.32872986589,26617.58494203367,35.0,1,3,45835.765106292405,4.871812448250923,4051.5443125420256,1
59,107456.40367147754,29915.936141825663,35.0,1,3,17967.117325923522,7.030959882213333,3531.084578865304,1
43,23014.240492130648,10986.558502361584,16.951634187489994,0,2,500.0,2.4741097583250466,2185.6657365210663,0
50,60832.22543541964,21482.030159448186,29.529240014374018,1,1,500.0,4.561879155218218,700.0,1
30,41316.5784048597,15344.595253707637,3.712854706723672,0,4,18017.6683154642,3.2794008294334054,1493.813217025029,0
57,65393.2463953465,21282.739620810305,28.98395008439422,2,2,27200.937553323427,3.4135540183988224,3172.869842037413,1
45,55838.0345199015,11724.227587889709,26.531867253113635,3,2,20711.899854525374,1.9598974143421994,2508.4268725971497,1
44,68713.38593276434,9165.748439123641,22.766703275517585,1,1,17700.922332077127,4.586177176984387,2222.1351269758297,1
55,76159.11837715804,28520.748860237425,32.388644277396985,0,3,40222.19148830679,2.526507791130234,700.0,1
49,58463.58011982727,17361.294148755074,32.283421298027704,1,1,38330.86883062664,9.932920579879227,2588.1854621801467,1
24,75376.9411914552,38221.08950853476,5.445798326007676,0,1,33592.68124968346,8.004000267651453,1626.3993047729286,1
33,18000.0,18463.0996479414,5.43965596186275,2,2,44696.78011819391,12.97357612495394,1948.05567731067,0
28,83628.14136248842,8739.219596495077,2.31138575294874,4,5,18186.46764968427,16.433516952188015,3365.093687207423,0
54,61751.118734062125,30269.40876435939,34.70867785360513,0,2,10297.933768945775,10.386625069608845,1673.772241324391,1
22,74401.18040341328,24308.0016414602,3.8839229441884093,2,5,20597.993863907308,9.24793512316654,1759.6796251641272,0
30,33042.23659285261,25268.728636964235,9.247284199223303,2,2,19356.550109728123,10.701686361474469,2767.022294669108,0
47,40046.14213110396,29906.006788679188,16.743124797635733,1,0,500.0,9.332944085010794,3385.125882451978,0
52,57626.889294605935,11472.037061542054,25.000138551835207,0,2,20179.764488154527,7.250996727132961,2237.564694133883,1
43,54693.317991925665,16727.466910147123,11.836600564634159,2,1,49887.309993280054,6.853370968263007,3920.4938645206166,1
59,60095.23458417981,16285.501685122068,35.0,0,2,44415.36175112153,1.891650179689842,1449.1977398673557,1
62,74521.27289673939,5092.534630843817,35.0,1,1,39453.309425209445,11.194597771524197,1291.349959452432,1
26,23226.034324548717,15364.098498417565,2.367496245249969,1,1,32369.124778265625,6.843525950708349,1214.6426015432687,0
63,72528.74329091156,31363.79457876824,35.0,2,4,56080.17347055656,14.247594871453211,1113.0346120306117,1
48,55149.07437924269,20373.38103793847,30.163060558462977,1,2,10916.9778923767,11.575679517926583,2902.8940686441047,1
49,51331.92649975814,4539.386721550121,19.935217446437125,3,1,12633.111804668402,3.8702418886201126,1719.9896125497448,1
25,28519.925781071976,2441.6058833506504,0.0,3,1,50237.31492639359,13.233455234493775,1330.826872535703,1
48,64054.87603078357,34647.76058748271,27.819779095685124,0,0,30496.888143096756,0.0,2941.817025622045,1
53,18000.0,17096.8098974487,27.719432424518804,2,3,17918.790473204786,16.65112872478906,3341.5543224716457,0
47,66671.09220229683,11525.897942983825,15.821483759723396,1,0,39934.64328161646,0.30777361125167424,3545.7725572238587,1
24,28142.094961486146,15260.082351029969,0.0,1,0,22107.59468961627,9.475560895854347,3387.7560182027964,1
44,55962.242427114536,3226.92245682668,23.784997874003228,5,0,14924.541081490774,9.13708083073764,1773.7068805616695,1
63,52854.96092809743,32230.9514951162,34.58495340799211,3,1,14423.667368392375,12.61858430920875,2848.4818680047347,1
53,76051.6866512899,14069.470624139703,27.771089979363385,0,1,35787.88849846829,5.35651596347794,3047.184419653182,1
27,51784.20695774998,31674.01527738422,0.0,2,2,33704.67893935193,0.0,2172.605079419817,0
64,42505.50589937802,18516.517144473153,35.0,1,2,57301.441799807115,5.36356044309722,2748.2768935142435,1
64,45881.151472518344,32295.3197456844,35.0,0,1,24778.393561172947,5.904188487501711,1473.5435930344852,1
28,77911.88983758395,20566.944990430853,8.691452628031337,1,2,24471.309921637578,0.0,2035.159841515219,1
57,64653.34544525608,26532.32662869076,35.0,0,1,55913.40354948449,7.226858044803689,2934.6085750292746,1
39,48058.660332583095,25190.93046088337,20.28389144157863,0,3,47741.64227899663,1.620742556677273,3956.788388912475,1
47,50743.96444063876,24232.91066251971,23.092484530474508,2,0,32608.169467729305,10.245425515467266,3636.295651989655,1
41,26790.812369461953,21479.344771827105,11.327876489889189,0,4,1901.770993536411,5.76960132086743,3194.772629960887,0
56,61992.53561532774,15671.492838844151,31.15528115305434,1,5,15386.613918901816,16.805474427598668,2671.7300348972985,1
65,23323.317261481618,37154.3469157286,35.0,1,2,11026.293647020746,5.71910671579759,2532.292538322213,0
56,68532.33638503822,8930.630149040993,32.35670330271607,1,2,30656.131984188643,9.151956331705977,1297.1600415011133,1
62,57315.18866484278,18043.076423431598,35.0,1,0,20849.859938252204,5.934642467702483,1848.044119499445,1
63,97965.1323923306,18148.858752075954,35.0,0,3,58852.2880711614,0.0,1877.4306308656778,1
25,35197.560032962494,22024.407533435216,5.403130943880937,0,1,1714.1301520678426,5.976434974312522,3117.2833839865843,0
32,53152.08236126861,13705.273541054989,14.105457001799525,0,1,9095.885095571168,10.767067205857394,3450.452994337244,0
53,87369.17861661513,21147.463055895878,28.51865944272856,0,2,34403.31812783733,10.009949028324812,3262.916077573816,1
47,76445.01352524546,16311.57414797034,18.866003328117515,1,3,39385.84889575506,5.533661310860662,3664.399794262819,1
23,42468.183071561805,2180.4748256210078,0.0,1,1,500.0,0.0,2665.0317963738316,0
25,59031.41371072206,18095.522862568465,3.813686985323836,4,3,500.0,10.222292938666431,1715.3628356655026,0
44,55035.98841547157,6994.346669698483,26.03930019027314,2,2,25255.133523468943,9.097432927317444,2555.0603932856684,1
48,60075.20561309483,1000.0,17.427427756695035,0,2,54408.78536672941,11.217054269262995,1947.6466186107684,1
28,42423.75215227307,19368.73320689385,1.192114278234886,1,1,63979.69593390545,5.629439023826887,3192.0739925804874,0
28,53392.23275138678,22878.833420195664,7.069086644176272,0,0,22539.045177065535,0.0,2276.8213372123464,1
26,26235.057245019154,23266.980421045766,4.678016221985956,1,3,26928.35440643251,9.668800915383477,2511.321544488992,0
46,57432.22213362547,23671.707070196942,28.63881224172959,3,3,14936.41636887643,6.954286174632579,3224.2600067039753,1
21,63100.372121592976,1000.0,0.0,2,3,41397.7151979502,13.958418867000564,1933.0151393675906,1
46,50906.45057241009,4389.830720925305,17.325932693552218,0,2,57513.53252089076,7.1436651622320895,3467.5789272400248,1
42,25929.08396947382,37735.21436813671,20.812305717405124,2,0,52608.373272840894,6.772665554052492,1387.1632832363478,0
41,72793.57353132633,7527.912399229639,14.8460719494608,2,1,29477.988972202504,9.086272359329904,2875.8958711449427,1
51,61561.45068387044,24108.41031136689,35.0,0,1,14906.429307565959,4.015344655994344,2518.190902409653,1
44,41931.728241382414,11130.62378334154,17.193852277987713,1,0,30147.546077576775,3.7743213943821528,3344.6076167815813,1
53,49949.191956914845,18796.727392675646,31.568873250674837,0,0,54854.160679804394,6.51052366831029,1363.0634343224135,1
55,27987.950749926902,11667.457977264059,28.143263679778144,2,0,22790.69222976087,2.397968458650139,1222.28798948791,1
62,36542.61769999772,23615.411546196447,35.0,1,0,500.0,5.854522672670173,3275.039947275023,1
56,45319.39576557149,19367.74117316699,35.0,3,2,23519.83344028558,16.6978067872435,2248.1700726057315,1
44,77111.57462104272,13517.102263557663,28.888200604652738,2,2,24977.536437209896,12.213168633631835,2518.278106608615,1
43,43488.93896402544,7498.278803192896,10.587324941159835,2,1,500.0,8.54018970699825,2006.2257551817756,1
31,66523.84586791765,20677.74197492511,8.804993542166486,0,1,34176.671975969744,14.758386304774591,3421.529341844513,1
47,45310.30834849156,5872.8120095741,23.562105936260874,1,0,39108.08393859716,2.8755195099667716,2869.2945893690353,1
27,59463.05609533375,22274.810421208385,0.4704564581905323,2,3,63478.067066729585,19.452199349399976,2816.5976792513393,0
62,52454.88096141156,44264.849090368996,35.0,0,2,6017.214776823974,4.6974874122013635,1547.3415786426247,1
59,70715.01880166939,31501.70051262012,35.0,1,2,43149.38576319775,17.0190294775459,3051.354997883962,1
26,45373.39591206596,25183.478868941627,2.7748601860640183,1,1,47403.05072116578,16.997015238898243,1707.0083731182685,1
56,26694.491499956064,17143.927022588523,35.0,1,1,39353.17675683558,0.0,2007.302275086853,1
26,30124.917435454612,1000.0,7.655629677409752,0,0,11877.57060880576,14.335460715709072,1371.1871016933644,1
53,45426.205109030365,4777.136040998157,35.0,2,2,10831.319746634788,5.580454297736617,2459.1126728740296,1
24,32516.92052779505,30827.928561027136,0.0,1,6,31749.54154110867,4.1601577134096495,3558.025934060579,0
42,62383.81628223192,10102.439198752203,14.70753262206004,3,1,31623.197877233255,9.62319060082493,2804.0254902468623,1
50,46616.1730325546,11007.479018359532,27.98548560167064,0,0,19930.191156683286,1.960423376226208,2202.361184153147,1
53,97742.91790047576,16343.495243159785,23.71514664058313,3,1,53249.466243598596,9.509985439581392,2698.2316862910698,1
39,23721.137287531623,7379.537411534453,18.725294026160956,2,3,22786.47151514291,2.2960275885121675,2693.2525749207953,0
62,58665.39721677642,5732.312654483638,32.204409188348855,2,2,500.0,7.885396396309093,2659.461815533843,1
55,34696.84557689796,17495.25927218578,27.096175408164285,1,0,25966.982738912928,13.676812895450741,2759.600987233841,1
30,46118.77587311179,9084.705453279637,8.545579846182088,1,2,38644.920268422706,8.932589677162266,1664.0050814494762,1
51,57545.55052012979,10589.814202211051,28.159867683458568,0,1,36155.30073709883,5.201042063594266,2695.88452402719,1
53,18000.0,10188.08973852994,29.963269704920016,0,2,36016.006568519035,9.7070555541896,1020.2764676296499,1
36,59262.8701021845,23223.602138344686,13.23175314598294,0,2,56891.8022584202,0.0,3118.0612475635808,1
54,89252.33432093501,15678.743095046428,35.0,0,1,9933.769709361764,2.805696079019829,1607.5257272806575,1
61,46838.11062936533,16214.280321061464,35.0,1,0,22373.249729687857,4.848649697464925,3659.8380471430246,1
57,59676.54142249917,23969.458973088833,30.5560974609068,0,1,57810.97268418725,10.934251230590629,700.0,1
55,73448.59047625719,16579.6039176706,35.0,0,2,500.0,9.028993769107144,4106.982448274042,1
49,52048.83699951406,15217.46231542827,27.827358884237043,1,3,29033.499950350153,9.675832272506709,1124.7013908998767,1
33,44542.7166064333,22704.503555701707,17.98660312425151,3,2,52120.58007426662,6.863087255447833,1520.0588337765817,0
56,18000.0,24681.97843557631,34.64126519441144,2,0,51852.292516813075,3.0595017699871763,2869.151334146901,0
37,66537.83294910952,16529.26500491396,10.503492934735645,2,0,41882.09471123436,14.44058468284668,3156.8434859821223,1
44,52962.96862487985,18806.077756205217,19.877945280836368,1,1,42337.90743171049,3.5110327276617,2344.9531161355544,1
35,36771.69067501309,10182.09770266672,13.536105555831597,0,3,11261.583785007562,9.095194748529101,3403.3454470320844,0
35,57278.74078499848,9393.169568354746,18.247352652958227,1,0,54717.18751072533,6.43947673423125,1883.1011725195463,1
28,44493.75357748874,25691.475019668076,8.00361515313126,0,2,8398.889196855707,9.814965835173279,2240.277247896163,0
64,45488.32963992054,22449.42062544622,34.825529356823296,0,1,9472.565651279248,3.9725650739153178,2328.129851765866,1
27,65913.24080995674,22552.98438416576,0.4213300234940316,2,1,36981.73436094742,12.263385804435249,2115.4437276395747,1
24,30909.1165961708,20808.54348725522,2.068503983189274,2,0,21125.73907709041,13.891389579179684,859.2392830478989,0
63,73851.67514932765,18462.032758149537,35.0,1,2,33720.54058271566,11.956615412481856,2577.799640142355,1
45,29841.649063868736,24964.11890822769,25.899359805632717,2,3,37753.807427044085,7.78812662986824,2496.4935616675416,0
40,43071.37464960525,27351.087610227838,11.429384814728534,2,1,62005.97530875988,4.82437376948158,3570.364487339304,0
54,89613.03149319839,27112.280051906477,35.0,3,2,37807.04254019537,21.110558919297794,1442.6500258664953,1
38,75292.3857095636,16992.220840540132,8.349880734349293,0,0,18866.382525147746,2.0418772761901574,2024.533408337278,1
26,56756.87186491792,31869.92729908838,6.23086054635719,3,1,42176.78324735044,11.406147758600664,3683.142102971191,0
53,38070.4561209781,20284.606817323212,31.966978756186613,0,0,15028.42439852198,8.66392444038312,2863.959975155917,1
28,45473.098479401924,24323.761925657986,0.0,0,1,46436.799438768736,6.687312789106393,3094.4417175407348,1
45,56318.95566254253,20820.878908348797,20.019607773043962,1,3,31163.302552246594,7.925814698670075,3008.090261005578,1
63,55675.41818211277,20470.06707484174,35.0,2,2,37209.788690825066,4.4489234831934885,3012.084482691099,1
63,53364.32326673267,10642.480097496802,35.0,1,2,500.0,9.13527771622624,4238.944995362914,1
37,54445.01474648468,25013.50838344826,17.99965359445762,0,1,500.0,8.584122429800338,2682.3865921822858,1
56,51141.24802530795,46452.94394907639,33.381049409911284,1,1,2974.3638165582124,20.388266114625864,1689.791050841535,1
48,29044.38275847977,14252.049252099167,22.190287335316306,0,3,61423.87540257241,12.354111075418805,3174.917737605102,1
42,45702.80664110501,18709.947154249483,24.368510444809107,0,2,9333.213188752368,9.579413860632037,2090.103493195603,1
27,71463.23297176324,13537.947356527377,0.43584425266327576,0,0,43181.576435800765,9.87779466654813,2501.0567212235383,1
37,30369.982644079886,13119.800984380654,6.0168993748506105,2,2,18445.659619607308,16.197688277478726,2933.162901580147,1
50,51588.00079229299,33444.49478118673,20.707398188542662,1,0,25679.458214053673,2.1478671762986403,1860.78111630303,1
65,40244.42928212481,11270.289822725354,35.0,1,0,29195.03540875333,6.086336281191148,2140.7347269622087,1
21,57004.307729166,13259.195266336388,0.0,1,0,59588.01170060693,0.0,3028.2637139633703,1
53,48004.60274079727,2125.0717626869864,23.17636968049699,1,2,40521.099554245644,9.793869210809508,2106.2195259118353,1
59,81593.08596954404,10423.882754577528,35.0,1,1,36930.59652576632,11.2408687527215,3476.0467843913216,1
63,64118.496775424566,1000.0,35.0,1,3,53340.57177800153,2.02199973882583,1712.4581619236315,1
40,31387.543016010197,24318.04699211929,13.24382213814825,2,1,18602.456452291524,14.175400090003517,1709.4280612295886,0
26,67082.10420904658,45996.97221837309,4.829631846946668,0,1,49230.1735851258,3.405600036876069,4315.4502791797895,1
33,41056.266587282866,14333.212063494779,11.206254181434428,1,2,46223.44671285716,5.2876594549171845,1222.7962025663428,0
59,44614.065315204396,1332.4206700976283,35.0,1,4,46018.18853838359,7.597829578100161,2575.955123901539,1
60,60648.74236192819,26999.99664429733,31.365143499585,1,2,27209.69934759286,14.970981813799074,4266.33546280661,1
49,46148.54644485757,10730.75041069843,27.220308231765355,0,2,22128.331876006283,2.7090109095955075,2574.267696890655,1
26,71071.4046938132,30993.469305535404,0.572825084233519,1,4,14343.174386950523,8.456235626828414,3812.093602157599,0
26,41058.818892758885,15179.709522100553,0.6626006411548016,0,1,15470.717430602315,10.874188773962114,3187.2273779645134,0
42,43858.96205335546,11681.843109172192,11.546069028847068,3,5,13493.763280947147,9.842350818397428,2593.5183041886785,0
47,43185.32391613404,16220.424442543135,30.836292450415666,2,2,36603.25971286937,10.027005165333518,2482.419264683413,1
22,44818.5025296093,25577.767609361872,2.798982326371603,0,0,25889.946361138704,10.807501110869705,700.0,1
51,74785.44799986063,15725.793692443436,32.33789893705584,3,0,37765.20355824035,4.226386376974392,2312.799506103174,1
45,66318.33328498545,13032.752972062946,20.260313069575712,3,1,38781.87635375047,15.438898934151624,2808.9966552480746,1
21,85778.99117221728,16011.683970211281,0.1914958134234328,0,1,10924.391022810003,6.444253009137865,2808.4966187233176,1
25,95817.59567018658,5281.448154991151,0.0,2,5,10384.166422033872,5.780758985087975,4819.272881438506,0
41,36447.093425217885,21970.3160229398,22.57025560393178,3,0,25884.113102880372,13.73812750656877,2852.862259534555,1
53,56267.5442918912,1000.0,35.0,1,0,16047.826974951939,3.847165665615149,3167.1307887144603,1
58,33828.39430041821,13558.785456344845,28.81220934208853,2,0,14152.581488526857,8.601390953495105,3648.466850668911,1
40,41003.093300531196,25593.85208830743,16.99227483276497,1,1,60522.36616334767,3.385826880023815,3086.4511803750124,0
34,43658.51481539795,21030.482829327168,3.2630171329552273,1,2,2399.6141062065653,19.596179077225084,2522.555839936979,0
64,35971.21226551106,23903.205729863905,35.0,0,6,66415.1596910042,18.543272583633943,2526.931384514537,1
41,36066.02908782855,17349.54327281191,11.443651431444268,1,2,35199.7749004636,6.44879509281727,2284.410965987347,0
35,52402.881186635415,29697.461809855165,10.960459737942614,2,0,47752.28909432267,9.599285867502662,2999.789926222922,0
40,33099.06846904467,27246.99196769792,22.050144081724135,0,0,45629.99071194417,7.025999025236904,2446.711351118109,1
21,70158.2852644774,22461.410042476746,0.0,2,1,41105.26519078865,5.257002557958007,3162.4427514784443,0
34,38480.43632648475,27275.45777313543,11.386263374879404,2,2,59912.97238457734,7.598157495529329,1691.8214207032706,0
44,105572.24146173506,25504.235544035768,20.321345826004503,2,1,10516.499607417925,6.796992823887702,2732.1636125677796,1
62,46875.079882640886,13605.364866531098,35.0,1,1,27185.189199988643,0.0,3996.860589266632,1
54,56296.31755450694,4561.010883086665,29.26157341706238,0,1,14648.755574986546,8.315116607827951,2397.8388523896674,1
56,31683.858679611367,22203.62125842624,35.0,0,5,500.0,6.788535637436779,4258.7014642701,0
45,85709.65164629751,23460.892308314287,16.71205578155774,3,0,18097.659865951973,8.561002283167683,2747.304302596036,1
25,75151.0122544525,28904.719911385655,0.0,2,3,63705.86000802878,6.6124111111775905,2549.1426270685997,0
38,60344.48567325003,8636.787249547066,11.199653550921303,0,1,26877.599446481137,5.198303182607272,2704.9566520734797,1
65,30757.55412196782,8935.689407228367,35.0,1,1,65703.28284000407,11.374550301378493,2319.7190802525924,1
22,58792.00379904317,22599.002663077703,0.0,2,1,67544.88894197767,9.665672018542034,817.4995360042276,1
60,34814.24117168941,17288.330111469135,35.0,3,0,83912.34654652947,13.980236499678442,3392.157372400836,1
51,81322.3947425205,1000.0,25.58175739063809,2,1,64298.87434376951,9.473648822361653,4573.441847552402,1
33,69565.50517335712,21751.08163754191,8.47014792502855,1,1,72446.37357600853,6.011967240924331,3032.3863430294023,1
56,56717.90269277925,1000.0,35.0,1,2,35853.015739003036,10.083842630922177,3087.1888652208136,1
58,18000.0,8547.434481266238,35.0,0,1,34109.908206360116,0.0,2435.6665829978037,1
22,37298.512384137444,31516.81372860107,0.0,1,4,35307.10850187631,17.51839944365393,3642.010188947578,0
25,67379.7003687977,36248.790178071155,0.0,0,1,30001.11968298655,8.371900718887836,2564.6555433862027,1
50,76831.90645101681,5843.4363152803835,31.76465489179293,1,1,32693.936433015773,17.92227947062877,2840.498088377207,1
65,74965.05660685837,14706.084625873056,35.0,0,1,43539.28617276152,2.653274701596839,1191.3051792821989,1
22,26343.765959653803,18426.22523078706,0.734887927305405,2,5,21615.278604662308,1.4117730869296787,2123.592316779996,0
50,60427.941522632274,35812.26927581568,35.0,2,1,5202.763719443206,8.829166463321574,2930.617833363114,1
27,73279.27389669273,13071.310521755984,2.9046446367722556,0,3,36545.13835630548,8.812673713833295,3416.4905611255917,1
50,25149.959819519587,13231.159769667218,32.53685065702769,2,1,17529.512982153305,8.691223872184722,3441.445767916554,1
49,54857.718723281745,33487.25558462862,18.203216178619996,0,2,19393.077045515907,7.929131016252403,1178.737176214025,0
25,59929.163169552216,14252.10847281742,6.036369765569003,0,2,27430.441854344914,3.8594141953680547,1269.9982022767265,1
51,49586.237472758774,25222.017089664576,30.14216519843323,0,0,23301.422048390254,0.0,3125.723390949692,1
61,21661.08660277837,3228.5703488757244,35.0,4,5,49980.764865300465,8.41575278325343,1927.8724507956506,1
59,49137.43401867288,16287.672559076738,33.47199101546441,1,3,26998.652288579815,0.5870399985080947,3405.133345437598,1
22,49108.50225540957,1404.0316167359524,0.6644961648031606,1,0,50888.09348178091,0.11496851130636543,1132.8486118261835,1
32,52334.696718140425,7445.662190442956,11.164686108870495,1,0,33708.292480958764,5.096841007658814,2511.431050639897,1
31,44857.514342348746,26392.013551522636,4.459743834718625,0,2,28406.477965157934,9.153294926641916,2569.1868644811952,0
41,47025.78124165359,17500.946089132874,18.810382881220022,1,3,32847.96875316229,16.938796186281465,3032.4203873029205,1
27,54285.2869177544,14808.942594470253,0.0,1,4,6750.662447626793,11.896296516268968,1671.9560034682822,0
59,62964.1828894548,10512.503760190824,35.0,1,0,36085.389410472526,14.166087935645404,829.9123448071246,1
55,49520.31826857999,15793.439267587173,35.0,2,2,45285.40733366929,10.268308437715358,2754.1454853911137,1
57,47626.31928937597,21011.131671006937,35.0,0,3,47835.30768323205,8.83426859471866,3073.7872452909305,1
29,56662.372688580246,27829.162064617616,6.691702128826144,1,2,5660.8664631983775,19.528951574280462,3506.709466369734,1
21,20423.51333388673,1000.0,1.0718140984852642,2,0,2658.356359626425,0.38572193053803705,2277.3035119542646,0
61,63586.632290076246,9682.388257371902,35.0,1,2,20337.26654854494,4.933848418028775,3298.1134769139026,1
34,54989.86425178674,19590.962421890057,3.789590318364963,1,1,54923.92244387181,5.324101152087941,3037.196397399586,1
50,55714.48347875611,17011.36884037714,19.47576397505491,0,2,33977.55708444443,11.467785106791608,3790.1645699429027,1
61,72293.21753670035,22033.76242526725,35.0,1,0,16055.485684532357,2.106116211569561,2550.1508755602035,1
22,19849.32045913153,20675.40286126554,0.0,2,1,3847.0895952531573,10.817148037883005,1043.0906274853292,0
21,19470.99034253865,14951.321370065927,0.0,1,1,17688.192519834913,9.898249158847012,2539.1062937426773,0
21,59928.46921582335,12731.46804012823,3.4888174673954304,0,0,16472.0796867646,11.066737174733984,2679.6056736164405,1
28,54871.896607686715,15544.98510264499,2.2491996720495333,2,1,46841.11893561461,10.976115234225489,3066.3748181586448,0
23,58063.18497745478,29487.42349822743,0.0,0,3,48225.79648896679,14.69159818316298,1220.585870293445,0
57,46681.712646895976,10679.920670942854,35.0,1,2,11101.766300563148,6.753952685313123,2319.159666672913,1
48,66958.36613631876,17371.932768560444,25.13033813272846,3,5,43556.9891084688,9.650789547457807,3381.2932144081533,1
65,71787.49917384016,19833.42213998421,35.0,1,1,41713.624176157704,3.317253572185459,2506.32309255098,1
57,63711.68129112749,33603.50929874458,35.0,4,4,8765.745334267227,2.176024948662162,2324.839056081123,0
64,50305.0877487175,14996.917417636867,35.0,1,1,28491.26342109777,15.82414392301801,4315.69375800515,1
31,18000.0,27588.06656010961,8.868945545063124,2,2,36134.75978683351,2.939406063214623,1636.9962318516032,0
33,68846.2517446683,30319.79403265022,16.04021224483374,1,2,32938.237536912464,10.20656038476444,3709.8392389858827,0
59,76991.11599191667,17362.45735009352,29.04558674211027,1,3,500.0,9.655213997537412,3519.1247622867713,1
32,66602.05141571164,15892.810209232375,9.101067299813002,2,0,32361.284181299136,12.874904471686358,2397.3501845447336,1
23,39166.43630738488,14709.463279517839,2.7536394084821896,0,0,41452.76804577017,0.0,2570.3985022259058,0
51,67128.29908601964,15441.768657574175,29.22315873004161,1,1,58432.69503961542,11.45603496273091,2567.1871403430528,1
57,70489.53474330602,26542.39860576833,35.0,1,2,17961.75839735133,6.709839967924017,2763.7529807091832,1
64,83058.69246038355,20310.09977255514,35.0,0,2,20181.84318247994,4.0004544076879816,2064.9127783059907,1
62,39230.02136389676,20352.897091698695,35.0,1,1,26240.398214293014,5.745912441198046,2214.6665962141974,1
26,50923.81747820551,6747.76489620165,0.0,4,2,35241.88658370401,12.183853935205018,2280.297922191969,0
55,68450.89692058219,8325.099226247656,32.555868440055086,2,2,31746.319817211395,10.656202586625366,2309.0320694610054,1
59,56033.38128588684,39434.4682477698,33.21958941166694,1,2,40877.54378340763,6.360382709972496,2320.3193925031374,1
52,34888.10316307705,16221.742747113105,29.69911589726412,0,2,9746.642240127443,1.304462679653601,700.0,0
57,62463.09313048065,10252.280044216397,35.0,2,3,37143.36640733788,1.6572770154418013,2687.8841791365066,1
58,65415.909408673004,32310.991655892973,35.0,1,0,16640.12315593823,10.765150799623308,2125.2789978614605,1
41,56583.332133958036,20818.08548683552,18.850612596616465,2,2,27419.989762999587,0.611287871728031,919.8700220467699,1
22,58952.52868923899,23781.549168645215,0.0,2,2,60744.24529061171,6.409227558778458,2284.9540865801564,0
41,50343.293769656855,16619.529247184662,18.088375669919174,0,3,4831.629442211844,20.405360636899516,2257.1382697933486,1
30,81609.02084288906,14813.269094231959,2.919692891855055,0,3,24969.58556809133,9.29780419185048,3747.720074374224,1
26,38787.540693171824,16304.136275027096,7.889944067219408,4,3,7056.376098408753,10.711246019975022,2114.6930374135254,0
26,44428.22627025198,4172.618297013732,5.26800895233582,0,1,32755.223541931908,1.694823640668357,3201.011161886146,1
52,55197.73924349546,17120.725905801024,22.767285893469776,2,3,48868.19247702032,0.8634917191377784,3844.530803047145,0
43,70821.17249861607,20960.330770426175,14.742482848540662,0,1,33053.792139196856,10.979110185190255,2034.738161880568,1
45,28047.28293829834,36504.63233843754,13.988896118210159,3,1,27899.114639958065,5.588240055525711,2557.2525111244195,0
54,31414.658504222094,18859.990650052154,35.0,1,2,53911.24192293694,12.86810740781837,4155.822597418732,0
45,18320.886860775077,1000.0,28.11823732041637,0,0,35949.0438258986,7.715666188122594,2806.0785396343217,1
49,55588.51405455887,17060.145672153787,29.546188211263104,5,1,44752.18901361259,24.781813927750655,2936.3748578620343,1
24,34870.49529028221,45395.04133108306,7.34422585495339,2,1,42874.632963212425,4.638400923433258,2233.4714684285045,0
59,48078.0980196775,26663.662349850398,26.041495046632445,1,1,500.0,8.945657645947145,3218.345747389016,1
41,66904.80741805074,9891.110561914113,7.884640524331988,0,2,28619.961498822926,3.029271687062652,2564.321647682974,1
27,43452.23102590876,23911.06514430557,0.0,1,1,10594.659560135657,12.66040005326215,951.1073559081244,0
57,59163.07640938056,10579.865751102596,28.242871712795782,0,1,15072.295905176486,9.702561969371429,2280.2907194154645,1
54,49611.917660469,4461.924804531425,31.52678895110334,2,1,56542.549931855276,2.694050732928363,1535.1390888021951,1
23,67098.05767173586,14516.306367659277,0.41131328118979765,1,2,23253.50018419334,5.913575529432862,2701.0168678452906,1
29,63552.30521226416,18915.264392388613,2.8408289966812226,0,1,64066.22752450814,14.359173867502632,1774.8448126470093,1
21,42545.19346885702,1000.0,0.0,0,3,4661.608435124603,13.758545526862274,3030.315619123232,1
33,51964.268438791856,6508.407094613642,9.799261372320144,0,5,10493.925955007377,0.42802180367177023,2640.2870788404166,0
25,73787.3811589689,18103.355631823546,0.0,0,2,43722.31189713547,5.170151781338971,1476.7918967790217,1
52,62080.78366457375,13918.268240110458,30.69501861986617,0,2,23855.312644346846,16.606983781484836,2156.715695947685,1
44,29854.682960479633,21948.112711460908,20.9604560984928,1,1,35531.89205881889,6.664110996526387,3158.5064314679757,0
65,66801.1251010849,5853.316726914385,35.0,1,0,27978.477125344496,8.417112572746294,3633.1937322325693,1
54,35477.00879614771,25141.137485533007,31.79298270314055,2,3,27433.62771661186,12.634659583300385,1787.8208918534597,1
48,80425.2352592981,6162.40902939805,24.548364447007536,2,1,24523.750762822627,0.8391914685078898,1612.3035545530577,1
43,73433.77911713845,34427.3430193763,18.419222692635554,0,2,33230.88048733926,2.8015125128530096,4355.886446270948,1
23,60217.938566531215,1000.0,3.4856546799111072,2,0,41549.489175502255,5.881504583916796,2591.2088481544934,1
24,57830.19118185148,7074.457296165874,3.880663038878943,0,0,59059.598717504574,13.52311809927625,2682.322041789776,1
48,51237.41939150644,22173.708030318292,22.344515166666472,0,3,26354.77436382928,12.598826741261487,1934.5480504085158,1
21,67213.4311252005,34642.332514976384,0.0,1,1,22914.510678554238,11.098831835935488,2793.698205686348,0
22,48325.99294968289,21150.430361161707,0.0,0,1,20595.69198373562,6.804200256646154,4143.586108886158,0
30,59240.25767151809,23628.57920182391,0.0,2,4,56456.109390584985,13.147848688398469,2828.9287419712396,0
60,70694.81859735012,18175.369016730583,35.0,0,2,42425.848148048724,6.736773845808448,3558.4669242254095,1
41,44887.482216539385,7736.0154588480655,24.5448443205681,1,2,500.0,10.389840061862039,2626.0854708826937,1
52,43908.530680167496,13098.616517606206,25.460516915759392,2,2,500.0,12.060194876973027,1676.777128438451,1
39,33501.42134695974,5880.902800187232,17.774681892511893,1,1,15058.958169034462,15.984100337553233,1985.0869976363058,0
28,35839.4905697289,5212.900322231284,3.964943503435645,1,0,34142.61799297875,7.218377077090866,1593.978042225654,1
37,22088.884394052955,22017.489193197463,16.414730396004217,1,0,29397.53749406357,5.686948895267913,2796.0079252280166,0
25,68136.91820227953,6768.220179120382,0.0,1,1,39266.01393318626,13.97537681394183,3701.499914285001,1
55,87560.46175748987,21195.540067233615,32.022849030722625,1,1,26842.01804070096,14.359262893412563,2744.9098479357413,1
29,80655.9209824655,4981.7724777890235,1.9859235514297815,1,0,55153.537884820966,4.783127538048421,2322.9963632327594,1
37,25730.479204722706,20963.830201167548,22.297149445947735,4,0,43898.004817932284,1.9748313406786746,1889.324222941364,0
65,68047.3840880116,13113.174310370374,35.0,1,1,31396.378928082348,13.595172330830561,2919.9012765606567,1
47,80597.91429862402,32066.155336506446,23.956561401460355,1,0,50616.1097496139,0.0,1485.681152485739,1
41,46777.42034670405,21237.18895579065,19.97827250660361,0,3,500.0,0.0,1579.309029563251,1
45,56826.05375170089,30357.828929941417,24.410066043051135,1,3,28468.65517202597,6.15852442595645,3410.1469408765247,0
56,18857.925085515933,10443.532835748076,30.092867792312102,1,1,32475.221510303734,7.512198578645772,2350.0384438934625,1
32,59801.25102357955,18561.43340244167,6.152613621698093,3,1,40836.65699914517,1.7002391686140035,2332.2912262849854,0
49,35855.92487017509,8189.128418837217,23.421671203178775,0,1,500.0,8.1093216918859,2447.8405853185254,1
60,58593.430322407265,13863.947572555819,33.96234817734908,0,0,25312.675676259332,8.332350443182401,3253.2839600713437,1
46,26898.347400600152,15378.95777255371,18.82857694202163,0,0,37208.29433431934,4.5980605297286035,2748.952405721931,0
41,64771.448040596726,10741.417793128607,22.293750346243637,1,1,38588.91827515204,17.167320895839286,1931.226702500678,1
27,73441.22815768042,5844.971411543049,1.11506629830868,0,1,51350.33714617562,9.148806050036523,1963.6170047463486,1
32,40902.76248912698,3864.826763473471,6.174174378504868,0,4,43707.09598332141,12.642445182608924,2424.4002702376697,1
63,34535.39353461218,1000.0,35.0,1,3,28904.77111130326,0.0,2871.9977684242776,1
45,18000.0,7436.535364965421,18.317601721268023,1,1,42149.52748107759,0.0,2568.0410508518685,1
34,50204.556386646815,24274.938966718444,15.59772764431676,0,1,26375.454560016617,9.300313053244633,2487.9588324442234,1
39,44531.30918293111,2015.0146798671703,17.727600582432043,1,0,32641.93114973135,16.274288447101366,2641.6552031541273,1
47,27081.650577735014,4318.77153746695,22.575365143416086,3,4,44306.442302652526,1.9503211051380926,2567.3980354152354,0
45,63154.33761361909,35908.98571232915,21.519513946036287,2,2,29184.585722615237,7.71688323250641,1897.6553876924554,1
52,46900.53312643631,11635.03950151746,30.24832009195382,2,0,36515.81423157307,0.8245187765184108,3596.345821104898,1
32,35636.75274438581,21210.460091648358,11.027155253601542,0,3,47303.55784770622,3.4068870039267356,2165.9196903273487,0
50,45017.696698471955,24423.171465004947,25.002094372165075,0,0,42818.96749330295,7.965556594041049,2716.2984956156533,1
40,74283.48170073309,24625.2612978128,19.242448367378714,1,0,52202.49340586465,4.5369439331861905,745.6982785654675,1
63,65852.864987594,2776.8576939194027,31.587806119564483,1,2,71912.06936315239,0.47238048415162126,2406.3431407475173,1
28,52659.530893027186,15689.403201005098,0.0,2,0,42652.69992042498,0.36041154692707256,1610.3697529282726,0
27,66143.89033236734,1817.7273048160787,7.590460437287427,1,1,21696.734074714415,0.0,1718.8804072706391,0
41,34103.5847850387,42463.178589103234,16.243323930952194,0,2,39212.814860756414,9.38291901607295,4779.967352270104,0
43,55582.661813086546,2051.247359843999,21.550536491573357,3,2,38438.73149682751,9.987905127155692,2824.5733105677737,1
52,57651.80194875647,7521.597811301799,30.324812101685453,3,2,41043.19248318687,9.962767182736929,3703.419960243981,1
39,46542.94284702292,7593.991451584954,12.748079134906002,0,0,56910.2924502727,2.4541210106737896,3369.773224988708,1
62,62838.25004723352,3033.395232771196,35.0,0,0,500.0,12.02975645287091,3484.9185937982584,1
42,40952.19781639988,31525.939097565453,22.92730775266619,1,1,57249.083843935216,10.533893337554291,2420.835504566212,0
26,64176.772739970125,42224.479010834955,6.9881463400117925,1,2,63307.50362504603,7.03647203322499,4045.761810720377,0
26,64933.45788756326,13242.508806873826,0.0,0,2,40225.271938863865,6.215856283703755,3362.0185687188437,1
64,18000.0,4795.768531555899,35.0,1,0,40658.43146201639,3.7544226548201514,2637.201456622073,1
27,76425.50266318212,1000.0,2.2367373521298455,1,3,25650.39346932902,7.960809169643621,2836.9606620118484,1
63,18000.0,15558.912814778985,35.0,1,1,30113.83181670069,15.08623902658999,2476.9408251837513,1
33,43911.11753998975,14836.345768385561,13.815283586324242,0,0,42563.13886466673,12.689283078082568,2647.0152663797385,1
25,73456.26461663959,11487.038736398554,2.2996007327882735,0,1,41403.94306986584,5.718947881854611,2560.759338421931,1
34,49288.83894545607,20213.752539762285,14.184531200286354,0,1,42972.77514006097,9.693107308871799,2943.3802681128413,1
48,28608.652315548243,21951.731428154864,16.592799570209095,1,1,41280.034288859104,1.4928497523912103,4165.976421269417,0
40,35312.732889099934,21230.832579379006,8.933008937079187,1,1,46171.019534562656,10.650335887026005,1515.307294737138,0
56,73484.30343377116,14838.751280315128,26.079732940296438,1,3,44159.67605974166,2.8457142866731884,3628.119287157926,1
48,20412.91845012451,6983.781704257381,25.8664415248852,4,2,11561.724025317631,10.451277806388367,2268.588964659859,1
39,75321.83981731632,24658.33097806716,16.714675167999612,1,2,44980.82478314184,21.845360952372012,3742.696833438325,1
49,54008.162217238794,18125.137594215306,22.53376333743481,2,3,63454.55909549209,4.1499378383643535,2299.8991732872564,1
64,33536.8840520362,26883.575248346504,35.0,3,2,29520.718464802758,21.614016546190157,2971.4783088862278,1
39,44503.928698551565,25900.755494722314,18.327397160088157,0,2,56990.63906368459,9.453177438914892,2457.0401760841733,1
27,36689.96186017046,3782.379309528844,2.5190674915264384,0,1,13488.684601591362,3.2518718336902483,1042.4670889595668,1
39,70592.05361545351,3657.7779254239686,16.947835998137368,1,0,29464.27284701217,3.0227191663279243,4165.0791886645875,1
58,68183.70057573108,10444.592812594716,34.078455855523515,0,4,18459.15326742255,18.824778039241956,1751.5217478302295,1
30,24055.099590231162,7437.34591709332,2.1057026197378974,1,4,54825.982543628386,9.464943423515493,2675.494575040684,0
63,47735.34186665199,25552.51775976101,35.0,3,1,59528.577979359325,4.169235719170807,1652.8203924424333,1
47,39462.65807780301,21513.096759879176,29.26085057596033,0,2,28214.46983842388,5.982696944785481,1396.6985136612916,1
48,78283.17943226866,28991.839937853107,19.814191971341454,0,2,51079.10740791331,9.153878888544764,2415.554144279781,1
35,30698.21587372442,21964.868174109182,18.37009792730103,2,6,59711.27930226001,6.956396623934839,2065.8398641367558,0
62,83876.12388433024,20086.49581873369,35.0,3,3,29407.46055668995,8.729495731370847,1548.0664808242157,1
22,54400.69468869513,29997.297803441703,0.0,1,0,32335.529012345705,15.868054483271383,2568.1106467455334,0
34,34085.180685158426,22697.273397350484,10.315035914862547,0,3,43205.07665328571,1.360146677186619,1266.2839492119526,1
39,42809.064687833,18681.009634377187,10.526204881773413,3,0,14834.316332634882,10.223151638819553,2712.926418573069,0
42,40570.86086616789,32804.53033930685,13.165823545716098,1,2,31981.756713862094,6.635511976589345,2485.4058629022684,0
42,32056.868763720893,19151.808831527902,20.33448660334025,1,0,68570.1679116349,4.504773269706423,700.0,1
27,56706.88347514676,14956.593950820783,6.3915354688135135,0,2,20999.756635494658,12.360870838949712,2129.20108725514,1
31,32897.52008754682,9621.767412223504,14.807912107100025,2,0,45368.87233271725,0.0,3021.5690092040777,1
25,18000.0,25030.25459045411,3.1547828030467615,2,2,39428.48003046621,0.0,1642.808703539132,0
46,48165.823524732885,30370.50541842469,16.599574380755,2,1,27052.213643346862,8.12266507381075,3060.612974992229,1
36,22548.58846447811,17494.125985665698,13.091661183521396,2,2,33989.79167236905,6.309101300635519,2989.41128892222,0
46,41461.104374784634,31079.156237798386,19.939630285708294,0,2,61547.15864170973,0.23576374760020968,1684.0507157430156,0
47,38636.14800513959,1000.0,25.041211666194464,1,1,39964.748638427416,0.0,2588.945927024614,1
52,39318.11070353535,17445.46625192085,21.302648687252084,0,3,42776.73521870273,16.653166888344025,3342.4919750128906,1
45,91017.33582862277,17599.050878955637,18.540001607944436,1,3,58815.521332531614,9.315074239798399,1811.219992585536,1
50,56015.40820905227,10730.05627592653,21.485940868299068,3,2,24790.61213403297,7.0982286153589,2414.77049817684,1
47,59416.67816191598,41838.61037981873,24.410462183405954,2,2,11155.531622918788,17.9762245447972,3635.2152061830275,0
50,23024.830665838697,17338.073673112387,21.19709770455164,2,0,61830.253048625025,12.110312465327835,1828.1311417167108,1
48,43228.66359453541,13922.692283955668,25.626071473775244,1,1,32457.392087131753,15.84638385270103,3013.2424572219065,1
35,58875.44733894722,18259.62113433505,13.231099046328929,0,1,46084.81530268225,1.1002303594173926,1628.728002536954,1
32,36558.47956756588,1000.0,7.379672788704954,0,2,16278.074658851514,0.9130370493765776,2455.134287124494,1
56,71345.13118332374,10401.32074655085,35.0,0,1,36993.47349443097,10.08537617558008,3002.0540431165064,1
36,33351.46145378146,27832.39969445404,6.124409003256268,2,3,10255.209872486568,9.072496090478944,700.0,0
45,49845.409554426835,11710.546450672253,17.548366610533552,2,2,31147.317115105667,13.248310178299374,2119.1092269932296,1
29,44451.07048043994,9711.248371997284,1.9044727433062536,0,3,18337.382666790967,0.0,2986.3987344677403,0
40,57957.771868874486,31095.256365144003,13.614946860953484,3,5,14202.221971574072,10.517987079858223,2803.2596982785576,0
44,43471.17870660233,31402.54400951829,20.818070210417343,3,2,24543.791951413376,11.946343167101473,2129.8594538265893,0
49,50123.914712723126,23169.90472161142,18.338604526796452,3,0,500.0,11.680860334056936,1605.8761949769469,1
44,50749.65834799626,13448.826659613327,19.95382949393388,1,3,9121.756120004404,4.966528093962388,3165.6183939748216,1
37,41781.02036695658,15605.289348836764,11.878141998241924,1,0,44083.45481268591,9.593075857980383,2309.833936230365,1
64,63731.68963294803,9958.50038425041,35.0,1,1,36257.995011859086,3.1217145401732367,3090.812481466105,1
44,59290.99074707366,8052.268809713552,23.272516612506983,2,1,10664.634954673063,5.535269590764345,2942.200821965757,1
57,53404.948985442985,7555.835116915676,35.0,2,2,39861.72425037119,1.7853183035103317,2197.3235429883616,1
54,47251.749997684754,11819.455932147925,34.91097308792758,3,3,14192.164701266067,3.2066713533062394,3565.3055686951852,1
46,69337.79254935995,7652.790093152551,18.518667542916937,1,1,42995.34966744154,5.7951883581044,2065.150150967455,1
60,50754.98361134474,2362.94881456851,35.0,0,2,27918.496677687137,4.54531626181064,3671.4085767367123,1
26,49479.44881913313,20194.02669753906,5.53354858452624,2,1,24147.78329293811,3.2060427847217987,3789.1632774927775,0
62,56884.42053798627,20345.95580893437,35.0,1,1,28360.854772905815,0.5020147391088958,3545.1032070412025,1
59,85538.56029347531,35007.92758428317,35.0,0,1,76071.51221998275,16.805478942295053,2437.494961970332,1
43,30873.588255618328,11316.616316452973,17.902330341557853,0,1,16341.572648597688,4.497185283878704,4892.37122993119,0
54,68857.42407499638,20961.005896232706,34.41276029284917,0,4,34078.05599279482,8.649827867656146,2736.6600131803193,1
44,20922.91909771411,21127.12579274802,18.589535656125264,3,1,44064.63677086268,0.0,2816.9508309618136,0
33,58910.91684811523,15461.624388744669,8.917325438072181,1,2,12676.568716399179,13.788245664547084,2580.1447892857022,1
56,83351.49089695716,25443.33588749676,35.0,2,0,1303.3589266932213,7.835803252434232,1583.2101706492917,1
32,63796.03344041153,25752.29186850714,5.242503221790112,2,2,19180.23342668089,4.780627285374363,3765.5659136462873,1
35,58071.25141371627,21274.1109519754,9.559303925281302,2,1,43670.337619959624,4.82429464668026,2084.8369133024557,1
44,44911.90956154464,15443.602949522045,23.61778758044018,0,1,23843.937868890906,11.347049288830274,3427.649923433582,1
58,55558.84960879398,14424.69891445465,28.2896602296434,3,3,25840.093235501554,0.0,3643.5977974866883,1
38,50462.869322739585,4322.461012029407,15.446179789545019,1,1,46393.85372325744,2.8790333064546187,3142.989242494358,1
43,40852.4210572356,9940.822213823083,14.559050834827364,0,2,15485.82456909253,6.404580811994038,1977.2276516915267,1
22,49782.23892145234,11779.924760983122,4.911160874673154,2,1,28402.40439936991,6.34694459384367,2293.029570039036,0
26,58570.86089127591,6760.282375705659,6.915573389422805,1,0,2750.8612562972594,19.526559818392073,700.0,1
23,41190.09276644848,22399.23966687664,3.6005868748823597,1,2,35772.94309306432,5.312032647759341,2495.1791092700646,0
24,40486.92722767568,29966.2786898701,2.8886874041868627,0,1,34131.12734223138,11.95113496030827,3322.4391689299855,0
60,30515.61812334086,8919.3756767085,33.516524375697266,0,0,44319.653367009916,16.058285932679755,2386.245428826269,1
58,62033.05046960013,20834.41435744637,35.0,3,2,9385.389629915051,10.353070428942148,2068.9277369684055,1
57,64815.81871540709,7658.888604702897,30.174220396977532,1,3,26546.023546096498,3.6309196435933075,2332.0277683014506,1
23,59169.88799625731,14950.778290608378,0.0,0,0,6987.533511752637,0.5775620700652695,3693.8293732871166,0
24,72373.06886911599,11096.704208222242,4.850158665250891,1,1,25570.07964919562,10.727101413571024,2551.070879995883,1
33,56581.61746745309,24018.956486064417,12.662730228021257,2,2,56672.18535794204,15.225126118282247,4272.124558767751,1
46,62056.19687258362,11212.118261578216,24.422770242461013,0,0,24226.45039246831,9.729815477645602,2086.3398456037494,1
36,60469.07366147613,28116.604137066468,10.88850079280476,1,1,5413.443163591739,13.167240769680753,2795.5086066181366,1
42,53352.27965047226,15542.79226337801,15.26587963821007,0,0,17762.173230453307,19.959735238690435,2209.9382669356755,1
28,45445.20709366635,11503.962904051692,1.1209155499176098,1,4,1002.8669984901971,11.186871421953096,4467.03777238219,0
53,94854.7470842544,5466.947376548369,30.064352319690308,1,2,6676.0881814700515,1.4968356710304116,2761.734780178424,1
35,46864.88236263685,20532.045102953496,14.938451633644325,0,2,42077.765054917196,7.255303827522274,4515.268523481063,1
23,43014.20119983215,26952.184022261805,0.0,2,1,3966.901727482138,13.851075967605754,2221.8852005879125,0
54,62812.17682210192,20733.212565368744,33.21926211406327,0,0,35621.9146263878,5.7561010452599355,3974.821258269556,1
61,59533.379475310096,40388.31666414424,35.0,1,0,30463.36816588632,14.528527974064794,2706.2030350461455,1
21,29713.752143014106,32297.87452470418,2.1059810801762904,1,1,20432.491516319984,6.665315510058043,3352.9900350910375,0
40,75208.20858214729,14924.722352829844,14.555991226080414,1,1,34092.29964103998,8.671737104734175,1502.2601198818545,1
58,53304.497643685,14819.725661929308,30.82429592506615,3,0,13122.092831749404,5.246294798280752,2913.572554288376,1
52,35003.24028611703,22696.967194853532,28.807044694907844,2,0,45135.19921488684,7.797681701605374,1637.7916058083697,0
59,76398.11405836973,9619.80819574315,33.77533617043729,1,1,17429.874625698038,8.062237138847705,2831.386760634526,1
39,66262.16028873077,29662.883065324866,19.480568667305832,1,2,23045.396005076036,0.0,1233.4489522656622,0
37,32238.244144937544,21616.005218435836,9.674067906060493,0,2,20903.681902852073,4.792033537094623,2515.3252823857156,0
52,86989.29112463904,20564.58910858533,24.573932388302705,0,2,42410.52415933979,0.8339595657327994,3586.0508334140336,1
27,66858.35263059147,24869.536677708165,7.944381707280211,3,1,39799.99044316019,4.964456963058206,3092.798491094785,0
31,54816.46991874917,35228.29883369059,8.673414383512611,1,3,500.0,3.0241811516740023,1489.444955368204,0
48,83623.93850119202,19709.553521875052,21.445293476137962,1,2,34576.372853007226,12.059105881177878,891.4522554466128,1
51,57867.36010893353,16869.596291286158,24.068420236665595,1,1,500.0,12.116999685427555,3047.2501224146913,1
26,54494.504648127426,33087.19623322578,6.392414923672168,2,0,23856.209180595062,9.801470771667386,4023.0789158225716,0
43,43114.5979116042,27675.504159911354,16.164842903233897,1,0,28052.867608559398,0.661753843925827,1732.4485668168495,1
37,65473.307907527414,14790.201596162777,11.379809382821138,2,1,23662.951868426935,6.509326113932287,4487.6636703587255,1
43,63578.85341183164,18051.864486590202,17.911555968847683,1,1,39014.7459977805,0.264038441099375,2594.1560406478998,0
64,55264.242518014806,19953.809159387987,35.0,0,2,42961.378189431576,6.263533070244517,837.1758196930705,1
24,40780.24563038314,21618.12944604983,0.0,3,0,16077.61572925277,10.237105836146352,1195.2076789578482,0
65,57338.73737498933,4434.00149060886,35.0,0,1,15423.653955048223,11.960521614575523,3292.9542344342713,1
41,53743.62185628152,2575.153921984398,20.21878340598483,1,2,29352.548034254694,9.364223899295217,2716.611236751531,1
55,30997.462262784382,9126.099779975462,30.561626208074117,0,0,2212.8225498091924,13.292357820070205,3933.998869213937,1
40,28507.37767616466,8352.615569886577,20.584355622559247,2,3,21414.396446621784,8.298781934687293,1521.6877099716326,0
34,65172.76081857585,11561.759860274975,4.477932192746429,2,2,54265.40100097244,5.832198639948514,2706.6453183474014,0
55,18000.0,24347.106420900043,27.414081450193798,1,2,2886.5898262071205,11.36830254849706,2606.084955249521,0
51,58697.38948530268,16310.708436752617,22.789733597083163,0,1,23877.887532358654,11.53238050088337,2471.286929248482,1
27,46394.50496043116,19963.946050101884,0.0,2,1,19338.585367257903,4.37914150838143,2255.653494217707,0
52,78548.43892383837,5756.965899577384,33.33222237697708,2,1,66094.82186497965,8.894911292850345,2273.570562015367,1
54,46117.57223523024,13383.57797079055,28.648694391720287,2,2,20318.498279946238,5.528433128316862,2757.181241852337,1
38,66870.71585653412,23872.576617448405,12.090712254283792,3,1,21363.404063547074,0.0,2872.322925054394,0
62,47855.55085771975,23949.52458176802,35.0,0,2,11446.231299568848,9.200532460566595,2827.3155650929193,1
49,57047.466762750584,10754.26171812092,27.197912365161823,0,3,30167.792464210517,0.5273890910474215,3685.3887580164073,1
36,68263.05755656092,19616.623863795536,11.213404105955709,3,1,34863.00699042637,8.641121046668802,1518.8493389401515,1
21,46673.997106157556,39988.47853482332,0.0,0,4,14055.242742847306,0.0,969.4848189457377,0
51,72937.98792097127,17824.02070744362,30.676842231152875,0,2,47797.010412995376,3.401664614896295,3515.2685489490777,1
30,37113.4382120833,11068.130538575548,7.9556726000165465,3,4,34879.144517193155,4.832005991321585,1750.8274631819077,1
55,60302.67116605082,16262.376106378397,26.976409279467145,2,1,45334.18683777327,13.00862385155673,2258.4717632463403,1
44,71607.51501018135,18921.77107526833,24.385772958717357,0,1,24093.560498881452,4.332424700070364,2049.1103241055007,1
42,66880.67485222603,16488.316193094506,14.189022986735147,4,1,34377.317956044004,1.6251452319564645,2029.8389101174048,1
28,89496.0077812374,17686.452993234983,3.24803063721121,0,0,26164.263092266527,8.821725409967968,1287.562365597568,1
53,41258.09228840811,3565.5320306316044,33.429442948995565,2,0,56238.26789084069,5.915132056330727,2087.4251710387566,1
28,30175.31347572542,8373.695249140488,0.7992351421672979,2,1,32092.754472679117,10.952802803246694,3184.398001051578,0
39,37101.96804708785,16506.647629285024,15.534677395441147,2,0,30157.57106966998,1.9406002541773262,2596.4617043510216,0
58,66887.96619787187,16347.320299775633,31.083708951564955,1,0,21751.644017623545,8.054269410698891,3054.0564156562227,1
62,63962.612816848814,12338.107251399993,35.0,0,2,20712.65465150105,19.34783398363593,2153.526202299636,1
65,56840.619873653486,16229.864139235631,35.0,1,1,34278.99734682889,5.803605204828283,3412.5613917037367,1
64,34786.773116071665,18610.148554142055,35.0,4,0,44752.57426870886,7.9336520485031405,2142.474312190818,1
46,68803.61127992309,26894.13456524525,24.47543475796788,0,1,17677.95423761841,0.0,702.2984295266951,1
30,32955.31400229027,17007.88264773949,11.013211819358911,1,0,32278.426989170315,2.7351035600392324,2884.9614136336677,0
58,75861.0924827842,21991.032052982533,34.63909994574567,2,0,33315.05083834407,9.298603510213848,3290.6462921258126,1
57,106433.89161651756,12583.99698566079,34.36061421195667,1,2,36450.54329476099,5.350511287488904,2096.684888822696,1
65,61596.12063828791,23720.957235984817,35.0,1,3,500.0,10.072164803003897,3679.285640667573,1
50,65495.946441839376,21757.302976123567,20.188714734974326,1,4,13354.811405202214,9.124693428982964,1834.377031065653,0
27,46128.52415987993,26658.170031798196,3.0807698278521487,2,2,5414.798637805787,0.40985282061119754,3203.6541315806003,0
43,22416.160220437305,25134.604624444877,21.573928829602586,0,0,30591.91967973142,12.076531413124087,4170.298347941434,1
41,44151.051465455996,23887.356228811463,24.113118256186645,2,1,13782.4793419744,0.7865752828879993,2633.057885934395,1
58,35327.88566022251,17015.8259134222,28.359977594720995,2,3,21067.659868318537,3.175390470962865,2396.165222579277,1
38,28953.917624529717,20449.39227044468,21.196296504375493,1,3,8502.95056960477,8.147424577671064,2504.8954920733418,0
35,86002.47895592169,28635.089284515263,9.414129891996854,0,0,22741.742330979552,14.835115040032896,4065.4658482566174,1
24,59911.52532446392,11479.254305972056,0.0,1,0,9766.135178062163,1.980618239362549,2962.50431641206,0
58,61834.37645105171,11715.922213031343,35.0,2,0,43642.35195659311,7.738422267097761,4529.782409496804,1
54,49437.59742646751,19814.31397950362,28.695505870752726,1,1,38626.1034563204,7.780102344151705,2851.3262491496184,1
22,51888.320516018146,22152.796902654532,7.036531087584372,3,0,32704.12706653835,10.286799888862191,2011.5830060866303,0
40,72361.912280308,9758.935007359954,13.149429605603782,0,1,24565.045265749766,12.920152748395445,2074.8437583081113,1
42,54417.93186348612,17252.374365866915,19.28219076432428,0,0,500.0,4.979623679990301,2655.4465389436523,0
42,64552.490884445186,17060.01225771215,25.14289845103269,2,3,21752.280741092778,12.059246206314748,762.8096456272826,1
62,51471.922638789714,1000.0,35.0,1,1,16293.782213627266,13.651608594131897,2172.509146951435,1
27,48841.24796682315,15804.060107412402,3.547767876519364,3,3,34450.935910779386,15.919795894357867,2192.4819493552086,0
34,29675.545019166482,16426.821671515336,15.994769167412736,1,2,41154.72903847869,9.509616498608102,2815.8107798769797,0
29,19400.516877391696,16397.070571769807,8.038141425843625,2,1,35843.387924875555,7.7871845517631675,4347.636398361305,0
31,50291.88578080477,32159.142745772682,15.521762280064607,2,2,52734.68956427859,4.627077631925654,2649.3348395682615,1
61,56016.94045587819,5842.017014911247,35.0,1,0,19770.343781068383,0.0,869.6068215862713,1
63,31849.659339241764,9753.774287953873,35.0,5,2,19024.034136228416,5.61023233670751,1777.4831151107346,1
23,54379.45242937661,1000.0,0.0,0,0,48681.80812024639,7.561688681132541,2836.0590756838224,1
49,55967.54613382903,13190.833338258593,27.388499748463474,3,1,32991.895101686416,6.452538487835466,2683.6952837108274,1
31,18000.0,14043.564458739991,14.222205356775682,0,2,25554.022670240112,9.98858996407414,4062.0099700813253,0
29,38527.75612936898,12900.228236657438,6.8513117830455625,0,1,63237.38060810608,0.0,3464.069568534236,1
34,62330.75008723843,29076.7733948376,11.991088030403471,1,0,40399.14985288829,6.090128648550974,3437.103926399945,1
29,61967.057129123394,26606.17522336963,2.0535868862388766,1,1,26570.2048691865,16.97384754565155,2404.5802170627403,0
43,34233.851504804305,18778.56724267304,25.12218051520516,1,2,17652.993354348597,11.977993797511118,3589.20893289579,1
65,57852.06490899523,14293.869464601377,35.0,3,2,53877.22808850964,10.080950646063606,1793.6691864224379,1
47,73403.3300564885,28261.89668106864,24.251489086179177,2,2,33725.94637601404,8.953411875112451,3471.4648783643624,1
53,68987.31326183617,17802.421401641484,25.49361890921119,1,1,30441.304551691686,5.172840713006667,2345.8229871583694,1
43,53284.85583374918,9817.299610815422,28.158006223179775,0,1,42172.97569419162,0.0,1296.8059346355265,1
21,46576.42636016274,1000.0,0.0,2,3,45841.581423371535,9.285642952059995,3133.9130305533868,1
24,43671.79928197892,13586.855061043174,2.8718852826031327,0,1,39897.65972083614,0.0,3857.7892567529475,1
33,63420.75609237383,25546.436171726087,7.6718462570538595,3,1,45911.56036137499,5.372220686936117,2234.0583158156337,0
31,58511.871516571984,40765.3868954309,10.82885464042275,3,2,38124.73846024828,6.981704052488345,4006.4855752191143,0
58,66329.2721098396,18616.10346189476,29.82110327011659,4,5,39988.03050174408,4.764047822964931,1109.6531771106083,1
58,57373.728636180735,10346.444848796957,30.447229812879414,1,1,16830.51861281817,17.856915300676153,1522.8860869012742,1
59,69737.75110625396,6150.34791715786,35.0,1,1,62586.36986911607,16.12171392550031,2467.9465624230756,1
49,56702.665593238606,23519.54896305599,25.268191509725092,0,3,7793.82013816735,12.16405866838382,2266.3125026650755,1
46,69124.39689037035,1000.0,20.09757421006926,2,1,35568.79706095453,2.373366169638113,1999.5799525466982,1
50,70674.8098665995,23503.451014048882,27.362453528829985,0,2,5938.192952785059,16.607076634827273,2720.309946936401,1
39,40518.520655953354,26177.116062629124,14.442621993109286,1,2,28233.682700952806,10.094845694118504,2124.2685879526807,0
51,22453.40715632657,22362.79453232864,30.178701003276682,2,0,19716.714518374472,2.290101701234944,2276.922802577539,0
56,82782.87140826196,15803.383280614426,33.33223034801289,1,1,32443.605684191705,7.1635845564812115,2850.582563315334,1
55,59619.85715282071,23649.406535468144,32.17536375089276,3,0,36151.63826443761,11.792874267690664,1999.2168057757744,1
48,24139.253881069813,19709.383711283,19.67308844855196,1,1,12785.99334609734,4.0056057967884575,2504.583654812924,1
23,42151.2490500632,10218.761581394083,5.454902593617311,0,1,29470.539810871636,7.702662773363958,2019.0148582763695,1
53,68893.73726265691,36504.123223750255,29.07828766296836,0,2,55086.136004213084,8.582381885900796,1514.9416249159733,1
37,49965.81703960792,14483.206203894837,8.729773938186742,0,2,6379.228244973707,1.4957289923000037,3287.3319572063338,0
54,45782.894452255714,25757.523004499093,28.751481927521898,0,2,14627.032155082805,5.649535761210492,4137.014996757813,1
45,80215.8734856334,1000.0,19.736135796891688,1,1,45493.58366247603,1.872687124784056,3558.1147955665247,1
60,36148.831365091406,30764.708827809292,35.0,3,3,31395.98663843556,11.343340078533593,2898.5444736751847,0
36,40633.23956041299,32687.637446545818,15.613838896023584,1,0,32720.788736842158,2.4597228721139253,2022.6244015376299,0
62,58804.95655086882,18298.337871266383,33.72953193775534,1,1,48401.442276461894,8.459018520656949,2341.7731482355334,1
59,62028.18877696988,23587.710347377586,34.675706697736274,4,4,15706.763367630736,0.04922090803201051,3551.319134420596,0
35,63934.17461813317,23585.151816075628,8.915706372574618,4,0,20651.965858243282,1.3328155842934502,700.0,1
42,71402.28480224105,11572.164303592757,16.90763556053882,1,2,18432.446403596907,1.090593954146592,2273.0657980455344,1
44,58574.415172267305,23471.223054393402,16.63027432898175,0,0,23732.345147959873,5.552124230599598,3260.70432776984,1
55,63808.910900891366,9913.695301274445,35.0,1,1,54111.39752905821,7.901908099852306,1575.5476560339469,1
52,50334.2333323285,11912.43076354674,29.906443155471553,1,1,500.0,8.823776475958155,2981.049455820983,1
59,56128.569458260856,29269.431432122987,35.0,3,1,8504.061403618685,0.0,2939.2903436891206,1
37,56935.61524096542,27746.576907002025,20.479413814138248,0,2,5417.7047887227745,6.156803079851665,1291.1008127637572,1
43,58871.76644474265,10936.244978842074,21.38215104629303,1,5,55230.49111234742,3.24713945144949,2678.2802991286403,1
40,68905.7165364897,10664.236564989595,21.90972523897431,3,1,18940.80117540426,9.67089246385129,2044.2992587986323,1
61,64992.62227500696,11544.033975423277,35.0,2,3,24119.874370470025,5.66181834460369,2974.4888082951798,1
34,55795.906052203296,25326.39566465491,5.759485751255921,1,2,936.5847974231474,6.5958449719075665,3202.809817302137,0
47,40435.73227106128,8000.15219189603,23.47831999684087,1,2,25277.051349013465,3.2752553074847013,2959.0450403958357,1
26,56218.08264512877,21567.126390359525,0.0,2,2,45597.3909751554,15.623238547952498,2665.3330918187867,0
59,54495.67987187661,25468.468106342945,35.0,1,1,34553.226868913334,0.5821028838339908,2859.984145180315,1
38,58477.26843663757,17117.545497068997,15.063047549987402,0,1,28058.44707662474,5.0013300480555225,1541.5414199755962,1
36,94717.45552852724,28100.636968649276,7.6272458720864345,0,0,1832.0605418686646,7.537992266364842,2572.323394523099,1
47,45572.089986257764,14956.898305102075,24.725106014213754,0,3,24096.862428456505,5.743197688923848,1883.1650779501952,1
43,62601.20234425647,15861.443990060856,18.836898737969843,6,2,32644.465750665877,3.180320086465639,3528.384878138345,0
59,74232.31721039736,8227.537688681436,33.68963415577958,0,1,12147.152573400515,0.0,3214.9143403832963,1
44,56764.03445378889,28171.773476202055,18.164705214734244,2,1,41788.04084360186,3.5424552455412095,3212.3612151078833,0
44,97081.21214509898,10334.795530211297,16.122561052802432,1,1,45931.23383961126,2.2030757924940136,4142.142400187584,1
25,48195.29274883342,21497.718177150593,0.0,1,0,20484.323244226285,15.396122963565176,2303.020281679686,1
21,60833.60600176085,17286.83932874065,0.0,2,0,43064.97948789068,18.323479642990264,2105.893383010235,0
38,40621.49659192633,7472.169368883375,12.333566324380477,0,0,28024.687245287405,6.746041610021985,2281.7575553683014,1
65,48672.55476742073,11908.968561766793,35.0,3,3,50648.48366841864,0.0,1157.9872329456166,1
62,59480.81038713984,31828.72239040734,35.0,2,1,66614.71188104546,10.690220528561863,1228.775191238593,1
49,70233.47312153914,20016.575426344803,23.770508587999817,1,1,10314.02132520156,2.094617543410508,3158.9927080713005,1
49,60743.70701242433,7908.496586331581,25.388811753881136,1,1,43850.71926383999,4.254144732026669,1344.373882168555,1
38,77664.06728802525,21053.282873486918,15.710799524426365,1,0,53489.362190929096,3.855752194083553,1632.5786914909468,1
28,53290.62440933191,16538.85968405455,3.279723872845973,4,1,12527.753873667018,4.497471698980205,2508.452110605536,0
21,49020.9664628979,52540.46402244182,0.0,1,0,19647.827972064115,5.226398742546246,2228.9951575360997,0
36,103671.73193102896,20851.238413422725,9.214584449972888,2,1,19445.21223187433,0.4324902533536754,3397.0871220164604,1
35,62096.27768995655,14193.751529336354,11.331910629804103,0,1,27609.937706349803,3.489931691701199,2654.4151745013455,1
29,42049.332172386145,32200.27917787104,6.708433670371511,2,2,23585.420888028813,12.099721239317176,1881.3781887450205,0
32,42503.25227953476,1000.0,3.7029297231639613,0,2,26430.877415008523,6.832215298129224,3474.4697087687714,1
22,38031.76153843587,18943.201563810973,0.0,1,2,45083.789909007035,7.626569207443853,3255.912246354904,1
48,71858.24840542219,37944.28494681073,28.032828565508808,1,1,500.0,0.0,1330.1149061834908,1
62,48441.20872792165,16838.00715640246,34.21693513248914,1,4,12469.918410455233,11.738918292619214,2827.0399801940293,1
52,57292.52456181674,1000.0,28.397041198513953,2,3,42058.7053717776,3.5724005491844073,1956.4308893733664,1
41,53856.84386011116,14040.820355894022,17.458310747084386,1,1,39949.97067517574,12.619842771838474,1932.705986479849,1
39,68166.86334293682,32545.180409590368,9.92365956690319,0,3,10946.240507398968,7.771374020988484,4282.563195181259,0
34,39758.60632808764,21760.695963207712,6.0376501931620945,0,1,40074.63510546605,4.189732854773374,2711.844249606609,1
27,35639.698849425724,9611.438904874822,3.295916930849584,3,1,53883.60522275596,0.0,2404.2153603374477,0
47,59037.35152926869,11147.57192820976,24.618560244383794,0,1,29117.522739620825,17.87422978714038,2676.4561027660584,1
46,65817.26712459815,12402.997288501865,17.153360902006963,0,2,11856.701602850044,11.01623636523692,3386.816236546364,1
21,60985.58163575753,21611.978840539963,0.29719346398903645,4,2,45749.176613656455,11.31537199844502,1968.5559716419004,0
39,40429.8328762481,31381.961329386533,18.015449571013868,1,2,61014.81775747572,16.094138527263127,2122.2350275030985,0
33,67194.72715764509,28524.23012799171,6.4585496970035825,1,2,14049.47453808784,8.120435061144306,3191.004312331695,1
28,41610.50331227858,22560.121821091285,0.0,1,2,30706.537331100604,13.762000256908765,1235.2496385586678,0
52,45612.3043938451,4683.552399425167,35.0,0,1,49622.80142796637,4.6071237112658565,3491.694656818362,1
44,38008.83655500396,4720.674860065588,17.842026604921106,1,2,32076.456869337355,10.687892664166036,1155.338238658796,1
49,78420.85027573656,23332.520212137635,28.240038668192607,2,1,500.0,3.84951646287647,2378.8098722821314,1
53,66401.58773849228,4545.289020671056,27.685374407954527,0,2,37981.51893814437,4.480706022578433,1161.0504141493948,1
65,65889.88076221972,15744.329789313957,35.0,0,1,12381.444546187817,7.485002877271381,1649.3735042590913,1
57,77449.8055805641,21041.50446186177,33.8181230156102,2,3,7126.993218107753,0.663005450201382,3767.900172744458,1
48,105627.68646829702,6624.060046373112,27.578075441258637,1,3,500.0,8.647121111873403,3540.0120864512487,1
60,24233.9301296172,7757.376656411365,30.120408301021186,0,1,51427.33127698225,5.440208950628655,3636.190069800294,1
42,41709.22154421205,17058.789354321812,18.218329937655167,0,0,14975.196257686328,0.0,1295.910544815435,1
65,43908.84848485857,23036.502875240538,35.0,2,1,36000.05124446169,4.711690571205384,1654.0494576185033,1
55,39685.246797111526,28615.18770413757,28.945978874898415,2,5,40421.17975042925,5.274726484233037,2905.8853119480186,0
50,35603.50154313317,24070.534347705518,29.869839359039894,0,1,32912.7418166736,11.26418232419121,3243.785741161413,1
61,49606.24484700342,18736.565949921944,35.0,1,0,35338.27403953149,8.425989762468888,1880.4376834112377,1
44,33101.13312479071,10538.052464429507,26.222708840516415,2,2,36858.86557319094,14.237361835115736,2078.9707557104703,1
53,61030.76261567343,7290.930041554808,35.0,1,2,32485.758359617088,9.600547978124133,1581.7871185472281,1
33,55930.569785715066,12891.229116708524,13.269476087035107,1,1,16317.12874231157,4.2301946488285695,4092.4207615233872,1
64,63658.5159657458,22099.355849805674,35.0,1,2,14711.931081271394,6.708203197617351,2172.539780851835,1
49,64139.112129488545,21366.23706627343,26.700974406403816,1,0,28110.33220483333,5.259759815442289,2628.163073251488,1
56,65854.12336168018,1000.0,28.423965099543224,1,1,27729.0471351177,9.439864280565846,2675.280142000365,1
41,48278.63913717012,10143.229717324972,22.502973062035636,0,2,37727.755183678346,7.299110737316137,3595.0584081264287,1
60,93180.58124740602,30045.07551606156,34.274474257935246,3,1,49829.701208972874,3.85720183020539,1742.7800918308317,1
24,59219.76009667776,18792.150478041396,3.497522428810017,1,2,36190.29649025083,7.043002355312573,3651.4347508035385,1
26,21475.274452753692,3829.9108689701407,4.81985560838279,2,2,15404.093055891102,9.305903327773793,1449.1513559404777,0
43,36957.23657620809,41558.211815981515,23.442372970682335,2,0,500.0,1.9678923084911055,3649.1482319999513,0
53,23670.946197499317,17710.582676852355,33.16782975746694,1,0,16159.130294172171,8.585043808223523,1056.230373405728,1
57,55312.02332472353,21843.33959313408,32.67535403740939,2,2,5799.173492522539,0.0,2505.899913318706,1
40,52807.50596703999,21995.247560451346,12.042614980710223,2,1,16853.300357505617,12.52785671570804,4062.8934995326044,0
50,46568.33743780976,14324.04533839814,25.547383782197535,1,1,34360.9857995738,9.635904053859868,3227.5304974210894,1
45,91196.67002320926,10724.263181786057,18.326224762131464,1,2,31519.02914109617,15.146415178108994,2979.118059777124,1
64,64881.691733384396,39216.749850659406,35.0,0,1,63447.19710488778,1.4170178011228707,1656.4263725382448,1
50,68069.77050603402,28032.058696177504,29.265574217396004,1,1,38695.46793747935,12.667258644082299,1938.6788802484784,1
39,38240.67721704215,26219.372011086765,20.58144547736234,0,1,64365.01109966463,11.67890031784065,3809.9562389280427,1
64,37015.39195604178,23762.891917182107,35.0,0,0,42872.50927181868,6.088839763960551,3025.105542131283,1
25,55662.49898374519,7966.826096383154,6.838227092609737,3,3,49542.72137949063,5.1167832347254665,3401.224322300508,1
65,58114.12851374006,30775.301917402736,35.0,1,0,23539.75911082275,1.574269717549818,2666.4144312326666,0
27,21586.39179193977,9568.673419882507,0.0,2,2,10658.83290007275,0.27095151138753515,2346.441664387863,0
33,51754.47358870839,20832.867981506457,18.08811609600105,1,2,21918.72196558417,3.2438284026348527,3289.9954674278883,0
57,55253.29749172309,1606.100945354312,30.77208864077216,1,2,29786.348447796023,0.7211217879852185,2833.417731010373,1
54,51127.31501611968,1000.0,27.88878680715534,4,2,18693.140087909618,14.97861241795309,2447.0359990207608,1
64,40358.97257775982,21182.912026531147,35.0,2,1,11979.436359524676,0.0,1327.3936491127388,1
54,45288.36672541948,9909.007328050919,31.238235970027507,0,4,37503.07846357367,7.744477390530473,3458.5174675876183,1
49,51816.53451568967,1000.0,30.147593963538746,0,1,11902.85100844946,9.178525634425526,2996.0236804754454,1
36,56634.40042498086,23406.095029470755,13.619554163353802,0,0,2397.1449338664497,8.78749615973976,2054.364155766932,1
21,65886.24848591023,39200.80771050789,0.0,2,1,9802.449949843278,9.226443051994899,3661.327460715246,0
26,74455.41168911569,31895.602585800618,0.0,1,0,25781.60121126153,11.732001587248376,2819.431249159962,0
34,49701.74097650951,15426.821147343275,11.504528528006865,1,1,12163.456060238583,4.770389187816647,2837.058955185569,0
22,46789.18846992356,18088.453066969458,0.0,0,3,25894.38174026682,7.437753228451061,3395.506018620352,0
43,62877.80212361751,26877.06256783913,17.20587204251585,0,3,40807.99749502578,5.532192435171349,3201.835958274769,1
55,65995.20849539537,29221.280198349068,35.0,1,0,40339.974843540316,13.512627956250906,2864.3070312177606,1
64,47184.39220134006,14564.642811743013,35.0,1,1,18105.133636392402,17.49932961737438,2430.2734518095026,1
43,69227.0825853911,18341.777157245742,16.18737701409899,0,5,6529.051433298908,1.0303311991931237,4385.297738811076,1
60,72632.53614080751,21006.148067645365,34.854866696757526,1,1,19638.777627314266,0.0,1939.5792612223872,1
65,78250.35638185611,23538.76320278832,35.0,4,3,41801.606576103906,9.845657845095106,3271.374655094672,1
59,87009.77632095681,16669.235579887332,28.855896455252644,3,2,46005.53212280223,12.351864421178544,2524.526750264906,1
41,39404.509504130096,16799.147549312558,19.031324566771325,2,2,36352.01857860036,16.784886566242275,3009.242264716854,0
35,55250.1677679852,31798.32329754388,12.061895047620405,2,0,51625.84891791757,10.68945175608328,3710.080986533246,1
65,55202.998539135886,30095.207024428862,34.602167325186656,1,1,61125.63815314871,13.978904793436033,2319.5794157280875,1
31,53234.67576641486,22774.105734360885,4.510815420973284,0,3,21301.897293668495,15.30030366438155,3141.652707920298,1
39,43313.26744701755,35191.09070022928,11.858834596292699,3,0,56758.13857175682,14.323888858154335,2839.0015524587952,0
24,28259.883941840715,14135.54237773583,0.0,0,1,25310.108625748613,11.405802550815743,2022.8286551495144,0
56,56668.23002852207,34229.734486293804,34.97594199816693,2,2,48357.276550681156,0.5889521852823894,3732.2890988472873,1
50,41169.59812813757,23425.154435355504,29.66590241524537,1,2,42754.30443610972,6.958190720808216,3240.0690161065013,1
24,56547.88265345725,50710.2612221459,5.69347248838213,2,0,500.0,8.500193095295838,2208.9050616394984,0
30,40707.21624942064,6075.180732175222,7.477891808246893,3,5,12607.911571317774,6.5009518340318975,3593.234399514272,0
45,35206.14977480186,11106.547477826585,19.075059656387886,5,1,8016.817506413554,6.809470210755943,1851.7223149342703,1
45,59217.37048678416,22187.978282005475,25.147178222038953,0,3,500.0,14.83614031843952,2573.959163403381,1
57,57716.58748251693,21972.34052978992,26.95124666612403,2,1,45827.669701121806,3.215841581558182,2213.698548899496,1
32,65427.07548377679,37501.389841750184,11.370061386667958,5,2,67237.89339216118,10.995261814333265,3276.180790117992,0
62,94345.54779551725,11316.253167004661,35.0,1,0,25361.89491541704,8.582208124396153,2168.2849800201807,1
41,59991.211561795244,27049.18518693884,13.529608543453179,0,2,45374.81997659482,2.712338053808354,3282.6348052649396,1
58,63731.47180715433,29624.630046819955,35.0,3,2,56723.2557184334,1.616992508732106,3135.0141283301314,1
31,35603.89608038814,25046.478322206476,5.079663536446269,2,0,33749.97060328967,0.0,2262.275767328145,0
22,31835.666070345258,8390.0365807568,0.0,1,4,29544.364831529285,9.427885149743863,4246.745832310672,1
23,83490.93004192002,32077.588052541978,0.0,3,3,25577.617300642338,6.6837759329948065,1929.2888152488813,0
37,38377.363961200535,30293.249313154138,19.355302753242604,0,1,39676.05987968953,2.871112850116126,1331.8873225489153,1
63,36209.00671356444,23995.845197903775,35.0,1,3,45744.492900586454,0.0,3370.4892230018204,0
23,54296.219418102046,20043.47687208954,3.094926667408629,2,0,38312.48830870525,9.163554509244454,700.0,0
37,53376.53655920701,20261.080100443713,8.041734891716477,0,3,37694.335364703606,6.131363531998419,3942.6351436975756,1
25,38754.88288402075,17212.642077606222,0.0,0,1,29078.34777825681,3.4315326407466005,2691.57848887373,0
62,49510.4820631642,24407.851342526417,32.25714774461072,0,2,1326.818548690022,2.1798003767458596,1315.7134326752857,1
51,77128.76291770188,18311.348529449777,23.82981005915017,1,2,46158.89499761874,5.807124182883671,1746.3819477703655,1
55,40492.115041027646,9514.750246473588,26.24939837967537,0,0,6876.747846932736,9.349982428696295,1129.320192036488,1
53,29913.89528140891,7514.083551724079,26.301478855314457,1,2,41148.941557544786,5.350085077893253,2944.5946574331883,1
50,71966.68517619626,10479.63746347708,22.868906916434074,3,1,43603.259699873175,1.0573683635176216,1405.7772461069678,1
55,63861.34441488466,20221.322425494516,31.1537706211973,0,2,9472.222119166923,6.70937522482256,3051.8801276263534,1
21,43830.664828324094,17730.441635647927,0.0,2,1,19059.585769107216,12.227737336263086,2325.658263691783,0
59,26520.993709715476,20153.437932887493,35.0,4,1,68186.5419250154,7.201337956221055,2172.1722738091153,0
54,41596.77958410586,23008.131335461112,32.22823514227723,3,1,28569.319718351133,7.342117711471442,3058.411370175434,0
54,54015.32013671312,11726.79074083121,23.474650975963357,2,2,8036.153842178661,5.3716552161091276,3161.1601966652825,1
38,75982.09761790874,32656.60168345348,18.078877041273294,3,1,44415.82631483473,2.551680947176978,3631.22258484091,1
57,36341.52445234617,15322.891729525256,34.12570158697373,0,1,16091.846299682742,2.385512918231421,2029.5994973924433,1
38,53478.64213279348,13665.730152184911,20.8364650530669,2,4,500.0,0.0,2573.171483605163,0
23,67152.60387810816,22823.862373324526,1.3230885075161707,1,1,39355.851864836404,12.906129181935757,2028.2055807217305,1
61,18000.0,1000.0,35.0,1,2,13500.879315903687,9.312270880239247,2746.6887279921148,1
31,73608.15102290019,10094.655502770807,0.7547536228233693,3,3,35781.39016000389,7.412434196264485,1899.5392832568816,0
25,33715.889700284126,27810.72798691833,4.644460598542359,1,2,15371.579314157445,8.477913833886946,2218.312942549534,0
48,60975.918882224825,1000.0,22.761869893697142,3,1,42729.675496854325,8.697646981124455,2222.899541206044,1
31,59440.29669299339,29175.74196933156,6.340994186853511,0,2,33302.969842906845,3.3272685487253884,2864.02484962449,0
59,74522.55504634921,33111.36566359135,34.33321781662985,4,4,500.0,5.373688353533485,2602.6594705111206,1
40,64916.63885608372,14305.446621762516,13.082732327361745,1,2,36876.225732682586,4.628956613086919,3055.6714451918483,1
21,18000.0,20918.1276742631,5.675491261573512,2,1,24784.836088252978,19.557120084375022,2503.7030760686735,0
63,40873.97355119215,29190.870848510265,35.0,1,3,55500.91755943449,12.101010207280424,2078.2225998714794,1
44,57487.692328359044,13332.108119564804,17.197535244725945,3,4,37113.74128228532,7.83941142412696,2772.1546075317256,0
32,51490.36204984383,26677.755205261812,2.1156380060813893,1,0,43610.84118755427,13.829921375648423,1774.534450948246,1
51,63596.993135621866,11288.512048693283,26.84040101372651,0,0,17210.265581623353,13.198441222542083,3112.242034201418,1
44,69208.5980020547,13223.977066668207,10.316613918287109,2,2,15778.78048527666,0.0973784621749818,2343.081330831643,1
22,65952.13125573422,10006.635356750263,0.0,1,1,29538.312040909826,5.8857335946252105,2784.0674687295814,0
55,51143.05103401963,21426.471991948034,35.0,0,2,23508.90971771071,6.918378015957072,2798.0216044507356,1
39,21765.93379983135,29579.690525655496,8.375122295598953,0,0,54084.16293978147,10.057639744910333,4041.3909359469853,0
52,46801.33752061329,16158.870678828356,32.85389922157837,1,2,27240.256942980104,5.880036273537835,2943.4253314065013,1
61,62494.62666650119,5287.508400875968,35.0,1,2,7953.208500292891,6.50734442456062,2665.8970577627947,1
48,35371.9494540914,7172.931777131844,26.997359614563443,0,3,15103.543553604108,4.6932558635433015,1976.8662621255903,1
51,66362.94514218837,21945.994213705402,23.062094088651605,0,0,47370.919523052085,12.244675812925541,3322.146639437454,1
32,71351.07935081149,36441.16413394269,13.051626768290522,0,3,26989.367803267316,0.0,2356.8150316287306,1
31,57283.60557332516,21937.249993143974,4.068375361631629,2,0,26027.188176904296,4.863226142163308,1227.067868666195,0
39,18000.0,14131.034493487474,10.797572883968165,1,1,49083.37624592033,0.0,2424.4205999648025,0
59,31994.40947118754,25661.839668502842,32.20418124977616,1,4,13534.26260042025,1.8518027842587248,2772.3408149313923,0
44,88951.40485400948,15605.013644132536,22.387979753806384,1,1,500.0,8.585887331859514,1863.344872112583,1
36,45162.3197254892,14217.147826357936,11.348718480373643,2,2,14648.40036558044,8.680771449803235,2493.637725401239,1
56,19285.421983678076,8415.408943047363,32.56119236062605,1,0,34357.603593834145,5.434041539796723,2535.665447015808,1
59,77234.4529895849,32084.48844246356,35.0,3,3,25508.79263391439,12.619925730688887,2549.6828951517628,1
61,55240.40064778611,1000.0,34.917521527375776,1,5,1912.2668384802091,13.770214436496445,3711.1776827439094,1
34,74888.92880123906,25978.59200279269,16.145555139883097,4,4,48289.07156432791,6.6538633236001345,1419.5979249337595,0
52,59985.256153948576,13362.550622024632,35.0,1,2,32942.94502952007,8.252164281971051,4430.4222132670075,1
47,63254.06445181904,13896.592685483873,29.262714304506638,1,1,37002.26450484285,4.737277788883002,2570.4482118279125,1
41,61534.1664588613,34923.15156117812,11.15948420459953,0,2,37552.98467610066,10.13443860725763,3122.190110557216,1
38,67554.789614578,10858.689077999486,10.11013944014269,1,1,6626.56357470189,1.0296975998767648,2715.05263988407,1
26,95993.74807400977,11199.3084597159,4.842358167328452,1,6,35451.82049573083,15.979174046896372,1046.5787854113282,1
33,72478.11404726538,16696.057610804695,2.9201216428145202,2,0,46334.16809763611,12.699926313641127,1649.080110512712,1
45,26553.89227878037,22138.473858122383,28.231899874296147,3,1,50525.584146671776,1.0053682302944846,2128.1517083259896,0
60,63039.90727502026,13581.442177071305,34.72498434410475,2,4,42982.73985023315,3.0549076224965885,3494.347836305268,1
59,75546.65382585792,2261.410694641145,35.0,1,1,39236.33385465645,9.106243820224131,1354.1109778252571,1
29,76648.61451765063,9343.018191182346,12.132712758141341,1,1,500.0,5.308744481581894,1829.8363156630257,1
51,47321.11030493621,30813.338564645193,25.344309956401414,1,2,29731.17625000553,9.722997743608246,2748.3657562504304,1
24,75969.0000133863,18747.767891355114,0.0,1,1,12781.661710143966,5.203018264919468,3025.5708030046426,1
51,71699.3631919217,22510.87283703822,30.92044934641258,1,0,53079.02187503445,14.62405879060029,2998.448789148351,1
36,101305.31386545514,15385.787928269625,6.966480850322945,3,0,50346.8308627869,7.041534963506518,1714.395397648656,1
41,41499.96874752679,11405.023038267303,18.8202261186044,0,1,12890.481407036521,19.102775655043732,1161.8077758277923,1
53,45866.78962479235,34775.69449875411,30.323883562377006,1,3,29172.39269329172,10.01337648556415,3085.153678891729,1
40,49489.85712772083,16118.081429489193,19.49347678068238,1,0,34473.169983127926,0.25297830875933247,3889.811547385756,1
57,46176.00129930204,13566.30120472873,35.0,0,1,46214.242634802606,17.432482917366237,2289.228546161883,1
45,38979.626504255146,28961.423663553396,26.305165157802783,1,1,500.0,12.49339477435258,1569.7821639643705,1
65,18000.0,10776.396411326146,35.0,0,2,500.0,8.9007381254049,2213.107709781641,1
49,47175.409472983585,12052.726562260032,28.105161711620646,0,2,30686.673195134787,10.23316728099214,2954.6563160462574,1
34,61648.445074598276,18102.46684016898,17.498104335972332,5,1,500.0,1.054766176914061,2390.17115890103,0
55,46122.00678089361,18002.7010408818,29.08553513061592,0,0,32854.30337661716,0.0,3866.4742773633316,1
39,89836.86130352397,20596.113479032145,12.876805909746942,1,1,40659.73992448936,6.79125146249322,3432.473647463859,1
45,55240.764628885525,38916.690893954874,23.08797922864524,1,1,52249.438349899916,13.893851695745841,2765.9042595838264,1
27,78238.52299331444,21362.482463523706,6.207068235906982,0,4,18793.771477392133,8.97854421634303,841.1093903335741,1
26,59705.56742913943,1000.0,11.07970297306049,1,1,32901.26963043281,15.545857487045721,1976.9627340429918,1
46,69875.33157807865,21262.98943431561,26.787626104731732,0,2,41727.17711388584,13.606103915960949,2106.7799062889007,1
29,60026.34797080412,18378.79994489599,5.102451947451852,0,2,8837.039848541564,7.103043533927265,1928.0456165168057,1
65,79638.12337426413,18434.500243514576,35.0,1,3,46476.260359528766,12.918784606636127,2771.7391446784327,1
59,56006.90830238321,20459.473093961707,35.0,0,2,34938.1618540977,14.612976929273648,2790.297872931707,1
52,63930.172745598145,17713.217123252005,23.613573958483613,0,1,19101.96604729542,6.599090144585616,1093.3326186603033,1
54,61593.992805700786,17473.87906944611,32.777250548288904,1,0,32544.85030006073,5.931122197275889,3324.138255855036,1
47,49810.86175370826,24130.442097707863,19.28530849489165,0,0,27491.97926676469,7.70225243666621,2614.5113356936986,1
23,62289.681740644184,12579.19202805499,1.5405898934156612,2,1,44041.33110446157,0.0,2921.8772721577498,1
38,95218.95243155828,8523.136643608244,8.550159424988015,0,2,23511.718377355213,8.402159507879215,3270.343701381672,1
43,50132.85504228204,48237.81452622391,15.50986485681327,0,1,34087.62888081947,10.60218991542407,1909.7272525938508,1
62,62550.36807135847,10841.425562187665,35.0,1,3,18823.230873240373,7.722555457077507,3733.0151203842374,1
30,77640.02111564997,19001.429124600763,4.142529431157128,3,1,13118.828903548812,8.72337210180687,2472.385798621544,1
43,75524.55905699704,3043.3974912463273,21.32776153815208,3,4,33087.590254377275,6.782618122002483,3961.292503910242,1
36,55210.89551894857,19164.68415051422,5.802347309086431,4,2,13858.18199366575,0.0,1795.4608082469426,0
27,18000.0,8667.74449310665,3.8896565513004933,1,0,44410.445246078816,15.312973804516822,3894.4219462378014,0
25,64300.65073567239,13575.270571499892,0.0,2,1,40660.185579188226,5.1608557629914085,1786.414378069198,1
37,18000.0,28450.646657711237,11.91048471752841,0,2,16227.939785810033,3.9111493623491342,4893.903157945031,0
24,81458.87015694217,22720.09568378074,0.0,2,2,33848.04777371728,13.789913892259138,1743.3496129543114,1
24,58050.52968147869,23684.09524574819,2.6478792841720367,2,1,16145.401793987701,11.893502342306071,3550.9280484098535,1
36,72994.13235769581,1000.0,5.370476502649606,0,1,1122.3694955698302,8.365329279878887,2273.8451986767477,1
30,38761.99951274108,36368.951698290126,2.5390674821820967,1,0,19249.94698595334,10.846848615497976,3243.5201452998936,0
45,27054.865480599023,6081.18689058125,17.44014434759429,0,1,29094.297073091213,1.2250583215475874,2563.527439586899,0
21,59693.57891454101,33285.60814293865,0.0,2,1,39385.357048443606,6.5955281299022595,1617.8926621735577,1
34,54395.138080789446,28215.438659814863,18.25839602961778,1,2,32690.638748466103,13.473920547286248,700.0,1
41,46152.26512917102,23773.327417846802,13.037723693449903,0,1,46338.143070508115,3.614290904349152,4856.824966573604,1
64,56523.903053189744,9450.152190916186,35.0,0,1,12339.008914501665,2.008333475031243,2665.721803053512,1
49,104813.84605658069,19515.89844819523,28.033538584069078,0,2,23219.429017581122,7.3930197641834505,700.0,1
60,70021.45985264303,13290.785893551401,30.968442159254078,1,3,59598.60063179386,7.510285055488971,2872.347745818416,1
36,73890.97490553974,18290.395715052917,9.569493071394533,1,2,500.0,10.237860499200092,3220.627990876844,1
41,70190.86404796041,15501.2774091444,19.660365927809853,0,0,21864.8224933321,0.10923781380177822,1956.4272948374014,1
39,81630.31858933947,1000.0,17.125983142808487,0,0,10713.108940272326,0.0,1962.4809158867552,1
60,51578.709887786594,29217.84150984588,35.0,2,2,26482.828723426577,11.606159637194349,2582.142337664015,1
64,18014.296461844715,17188.92843450639,35.0,0,2,22179.945226149903,1.5850901339762542,3682.3348076859575,0
64,51605.44960589182,13151.996004977631,35.0,2,2,40838.79788562149,3.950048194094057,2689.964107840724,1
54,69611.24277993703,12396.727671702323,30.927852809028668,0,1,34599.37186937108,0.0,3916.902773908237,1
43,37543.59288792867,21584.595763667683,18.660795498215084,0,0,6498.883705614957,12.114563410127788,3618.0972552772173,1
45,51825.412891192056,9062.436617055278,23.638078671830463,0,3,19413.08268277643,8.751691120362656,2394.0937031628414,1
65,42548.14462595836,1000.0,35.0,2,6,29997.893115737646,8.550972720254741,1186.5286167261463,1
33,82036.52653317635,22071.298032082763,8.345974848328954,1,3,43308.85591270225,8.517275420947682,2395.996245083282,1
36,68490.22627731814,23191.029979568215,7.09426262924173,1,1,73793.21312423868,0.0,3073.834160355518,1
61,66727.73117159127,16003.681753223671,35.0,1,1,42650.32420119751,2.0741700579604725,2653.9041287415225,1
38,66188.82363617749,6520.9712480999115,18.293489210899395,0,1,11775.00143010926,4.741364447769023,3170.982348522165,1
31,54329.513454061715,18889.355408892854,2.129135948774781,0,0,28310.78540281446,3.2562861443183273,3377.077978534748,1
46,58556.01308549506,3354.6763168641137,22.988045632763814,3,2,33257.57151060856,5.642442251768974,3077.7726980742964,1
35,33666.67755041829,7727.6940331234055,5.269804047978492,1,1,20650.96433381662,8.230998513393976,2352.204301352907,1
61,18000.0,10493.02063495839,35.0,3,2,38464.64050682179,12.032191581275956,3067.895127492811,1
61,57701.460346210435,26439.390708915562,35.0,2,3,500.0,0.0,4611.935808376045,0
34,60831.8246128986,14373.890495630829,17.672097194517402,1,5,39956.69318390399,6.955823066007614,1259.1083953960895,0
44,76766.7622316568,13521.335882235395,19.39338347446491,2,2,21425.026396251495,10.557718394618886,3038.558720202314,1
65,83284.04468948262,37546.92515411246,35.0,1,0,28025.305829480552,2.379584150140902,4248.802956550159,1
54,83259.97272998105,21524.62497188714,33.030003843418264,1,1,56383.012902477,6.035836131160606,1542.8690035240038,1
30,37035.575320710195,21389.94510474826,8.934041548602938,1,2,7292.690839039402,9.332760577436748,3500.990082661324,0
47,48659.229370904155,14302.99254791225,18.540111023483554,1,2,34908.94701486894,7.056044297397578,3621.245520109964,1
48,63646.01732586483,12036.283323632222,22.3341337010499,0,0,44290.58842211605,10.370988802830317,1270.8384605820227,1
50,100574.28419935919,1000.0,21.606743259501958,1,1,33066.056249153415,7.473490735247982,3241.125542976372,1
22,81641.78566685048,27687.405319235582,0.0,0,1,944.5385006368306,5.440687301678776,2355.815688954983,1
34,75149.14891597084,22483.09705756379,8.11247826994656,1,1,54307.13929142388,1.1364512256806263,2545.598783141132,1
59,48019.81680011277,16208.340067865867,28.285226332570172,0,1,26195.62709268559,8.235842782068318,2307.5407473022706,1
31,39102.40663920776,16627.732981637444,6.5735320079141095,2,0,20504.26469859549,7.499863887461851,3781.420182291168,0
34,69200.34190089832,25361.44262261055,4.301811673320165,0,0,24411.308120527447,2.0358398609720005,2499.0910816405153,1
35,35188.09724378152,2452.899269201469,13.064802612475715,0,4,23121.364961899497,9.910279124226319,2183.017818814431,1
28,50708.14568235455,12101.186684461945,2.241425678457094,0,1,8576.76589050403,13.3396175317001,2198.2620379920113,0
27,52933.99691796539,6636.971371074695,2.741593121527681,2,1,32969.11054939173,3.699534660179949,2293.1090396998197,1
36,83672.41760421054,35715.09282486746,16.790285224433934,0,2,19249.805857547988,3.361839278610205,1628.418032062517,1
60,48615.448546725805,26756.555318533006,29.75272508191414,1,0,42075.98889869693,3.1792572153934078,2175.079348187471,1
21,18000.0,1000.0,0.0,1,2,39316.71888507325,0.0,2705.9026622330775,1
33,64080.00365792443,2862.3837336002434,14.401413716323201,0,0,59262.04941174858,17.022408434375475,2963.94327798426,1
23,42417.60664412932,16676.54326642514,0.9314782817197655,1,3,26190.60341929175,4.755573097421154,3683.635152058526,0
46,55767.35843987944,13275.597879275752,27.29498130886588,0,1,15541.504481193304,2.7077291129288117,2816.881009587581,1
32,53439.31538484177,4756.177919231117,3.277963130547416,1,1,3544.637967251132,1.3661247650532875,2172.977243362818,1
56,50073.32807528017,37447.62237650489,26.31449210143498,0,0,69480.18094934663,5.060162668030095,1690.0640055665376,1
47,69226.13047212467,21125.399139825793,29.342969790018568,2,5,41917.9439372904,3.523953166683417,2865.038192725942,1
56,27408.43218965127,22748.163228630914,29.87254969820441,1,1,17536.44141876376,14.19036593380277,2494.3662973179457,1
49,45693.74395082152,11079.85050767786,23.187241570525863,3,1,60476.791606808445,0.7563109196809741,2524.114480387243,1
40,67312.68243611287,25222.741471780024,15.07484230542583,2,3,54410.92290994858,0.0,2836.276565433288,0
59,43946.47404380137,14195.672390179883,35.0,1,1,5677.00495580753,9.758920411437058,3067.4501731202567,1
42,26041.479233140508,15166.568262925006,13.918167676453216,4,0,16437.452248488506,6.463967518453456,2842.761701722823,1
63,67033.99617862125,24110.0195982526,35.0,5,3,27618.15278711334,5.8852758186044225,2446.5337070797686,1
65,75215.70334794771,1710.0243493970029,35.0,0,1,10738.46827196468,9.798181231522321,1878.7563763609112,1
47,54190.08626242589,33970.27859850982,23.925733644509812,1,0,28261.56966760463,7.683558186472666,2048.493708011568,1
51,19704.779227548417,19823.89214723876,31.698636096901343,0,2,42815.31503591618,6.765912065698572,3363.4338426128866,0
32,67707.45544057869,30809.442087804244,5.295721634973013,1,3,5281.304550198718,0.0,2218.7723854429514,0
57,25122.018134445614,7245.802433811816,35.0,1,0,35274.00986353087,0.0,1388.5614868062848,1
51,60558.38698326698,8768.34875971807,25.212460411768692,0,2,51032.963557788695,3.497858093547262,3643.6172133610094,1
61,39025.65115464112,6380.997784001878,33.23951471337767,0,0,37203.9643068694,1.5781752955053516,1751.8593569922627,1
33,34122.89285619462,20502.97672664839,5.247762336601723,1,2,28638.90561395835,8.346028992615935,2631.72239342632,0
56,47045.619692565575,18659.83301918246,28.59002521280175,1,0,17974.16832762739,0.0,3042.0467766885063,1
42,51700.643984309325,13355.881807688194,14.548271915013549,1,0,44955.15369778832,4.764199535323831,2602.896537984,1
29,43404.251493043936,7859.308071147207,2.870925950488004,2,1,8815.437983135362,6.134625708341121,700.0,1
28,65596.65900787272,5334.037302691577,0.0,1,1,34370.25259971221,6.801723602341902,2951.439196946054,0
46,46970.75118774099,17515.16099529344,19.306941573731716,0,1,30459.283194959677,8.994821313547703,3793.816925112871,1
35,72643.4356900928,13344.132204114,12.4869488853148,4,2,50260.99847177476,5.367299032545212,3307.8790051998712,1
25,60061.11698158263,11143.930076417377,0.0,1,3,19510.522300759978,3.662539980197808,700.0,1
40,42443.970281266455,33470.8948613161,10.41389244773885,0,1,21040.75538592389,13.222400752248957,4514.519890702431,0
50,39413.082091018856,17176.74321807266,24.15785042536645,0,0,7646.432328634382,5.399836557270828,1406.733603259122,1
35,25345.066617146105,30700.429339269253,7.132332718183248,1,0,37871.11694280736,14.095651837771502,1629.4224863199092,0
63,60233.1972016028,12667.478173173035,35.0,0,0,22371.314825419522,5.374363752778257,3303.689834183562,1
56,48617.424149475555,20447.762837986567,33.676748471950326,1,2,14482.668409142676,6.918651683651013,3007.557305803085,0
44,18000.0,17445.23983743665,27.39266176280343,1,2,16197.307199808927,6.306263262491359,2672.301594715828,0
63,45357.132290150796,1023.7769048187729,35.0,2,1,39667.898936332356,8.156093043161626,2087.534382023202,1
40,38781.38747341086,32283.38306263913,10.195857921511891,0,4,10146.711004984852,4.90075902552024,3797.771055406835,0
27,83362.19665907188,16648.46392967584,0.0,2,4,11745.012630365705,7.480674868728745,2564.606734836524,1
22,24349.984985920426,25464.182196329606,0.0,1,0,46134.5056593129,14.654070132978136,1190.7646913379026,0
63,29055.68560478703,10479.712775384407,35.0,0,0,27009.8296350695,12.244258948622807,3709.069954980617,1
64,74979.45357590259,16351.556184202354,35.0,1,3,47198.01154771753,12.278691718097667,2797.3564936704574,1
54,79421.73683435134,9331.476400766453,29.763926066969617,2,1,23531.59532443502,0.29034714086249913,3603.5060365591726,1
25,41590.30710293845,30359.984827633933,0.0,0,3,29979.733810860624,1.0994002914944359,3115.293761110242,0
34,43622.455189439606,21114.093474506757,10.029403650558875,3,1,32813.3868948519,8.088754613784948,4752.460471585119,0
22,66092.23713795963,21670.53526680888,0.0,2,0,54971.15280864282,10.85368962727968,2321.0267553869953,1
23,18000.0,31581.84147104979,1.8151911386179906,3,1,53505.71087178486,4.404322237792746,2614.483917189097,0
32,21498.513678899988,29563.41296899023,6.471664484231554,1,1,50758.26668746203,3.512075681218983,3247.8475795638124,0
46,49946.798784687184,25653.425361362853,21.03550194441435,1,2,18681.260341162946,13.96921501336482,2326.586942773963,0
23,82898.03019032427,3782.7265296253736,0.0,0,2,12237.067751102088,10.4293833337682,3322.3739379472618,1
65,47156.858412998685,11043.208804833164,35.0,1,0,43694.24633509632,12.289933403647531,700.0,1
41,56816.862251232786,7961.118639886472,17.037339878499726,1,2,54781.674641414706,4.792749707833876,2534.495069756891,1
32,75408.20690615222,25275.33693625799,7.177794909857902,1,0,50930.737178137264,4.39989706342078,2507.3067782001885,1
44,92923.92519900663,19706.519417500513,29.60892498547216,1,3,30234.88663200156,11.744453023315788,2474.7063078606757,1
56,44616.727483330375,4094.8756636940525,33.45380543208805,1,2,43100.5538077347,5.6863706987205065,1810.7657463423984,1
35,54696.93897279833,16112.557869887725,9.21801238019345,0,2,43416.97775553232,3.9457148530398123,3415.5105546916693,1
23,87796.99398417116,3058.8766428122162,0.834899713303668,1,1,32680.970244829285,2.434017818073925,2145.999658605257,1
23,27600.413046554288,17468.4351193024,0.0,0,2,33462.72524526599,4.443524301802092,2780.2469600647873,0
59,73496.4592699688,1446.274960128154,35.0,1,1,31767.516062450482,11.375417757293382,2566.5527242570806,1
26,36670.32041749735,23288.27493384613,1.6195695205564373,1,1,15814.262400979758,0.0,3050.3277870684174,0
49,56844.50260785682,21779.626260340734,26.176675247662494,4,2,17651.05612399285,10.145262341719631,3887.8647190134984,1
38,50632.85714679506,37079.48493346882,9.058552155496987,3,2,17373.173492826507,3.458906206269257,2775.593469692031,0
55,37755.79118737787,26478.732894973422,33.84730831073782,0,4,1213.7380179149295,5.94849802606528,3357.2573237433435,0
23,37304.16530215105,13770.857441774973,0.0,1,1,32571.47869227138,6.26877209691322,2730.383154655629,0
61,59975.45855656758,26180.70093274486,35.0,1,1,29269.679288923933,5.8962756418134425,2144.592625466159,1
52,72919.70790692828,4023.3611905482157,31.54376963656872,1,2,43715.35444230665,5.564361850422657,2472.598217096053,1
41,52664.748342606945,8375.273963189145,16.495330325066362,0,2,52692.91109362402,4.778220330794014,2344.811856719469,1
30,56262.0368571979,21331.4253207511,7.412266205052824,0,0,53837.29856723753,4.142874130292984,3111.345918727581,1
64,65281.13319323885,1000.0,35.0,4,0,55532.37824957553,13.598867734827362,2695.9868380422654,1
34,37510.86208576673,17628.39215066117,15.428626971843016,3,1,16372.541508797858,7.125246580349638,1885.1618756941984,0
43,68314.46515143261,7797.367078815792,19.701533829640024,0,2,4224.732996231058,6.370258533875261,2400.2339622981176,1
38,69748.17574707544,19013.070551532637,13.098380988466065,1,2,46753.384405177785,3.7767363882395686,1226.6749708315222,1
31,101865.27337750737,7222.636419527365,5.400799000960585,0,2,54878.40188761621,4.960280894346588,2433.857130214624,1
39,48230.12456992752,22242.481374551888,19.413380144992047,2,0,58007.86404978766,3.7941439581931613,2601.175281113824,1
27,46754.5275699737,18193.274236673897,2.1073852909397726,0,4,38729.93177446276,10.826720859572504,4227.603380347345,1
21,68841.38568832743,32003.659168813305,0.0,1,1,500.0,3.2320045676453666,3813.606854760028,0
34,69743.8750404185,18067.345341016222,9.338267196391115,0,0,36580.97034180467,0.0,1669.3328621182545,1
26,45368.431239219186,10313.571950385336,0.0,3,0,39997.93562236938,7.291540187324432,2781.5924773986017,0
39,47743.07181525912,15531.141441727172,19.09652875278162,1,2,52537.35038265461,5.603045862148955,2797.3792827098728,1
59,64740.35508792473,4557.636029832685,31.56112888696621,2,3,55733.316491698206,4.071058915963491,2392.606382511689,1
28,40103.4836667761,22061.3725470544,2.702368656918001,0,3,46373.40126093602,11.557780599738482,2449.980327606905,0
21,47610.388215729734,23898.502463152723,2.8889505987461863,0,0,19428.979830674605,0.0,2281.4452310370234,1
25,56612.66981263182,42691.96036692818,0.0,0,1,11475.888338052151,14.881220324849451,4285.437638194975,0
43,72926.89632680065,11781.640093955953,20.038758378465158,0,1,39611.30073269352,12.273388802237458,2225.43417190945,1
33,44117.224908768265,15322.054263248174,6.6274135087461366,0,2,15736.528012339824,3.85973368402591,2906.8434292393413,0
43,21837.079683447904,12242.414755617843,20.157669828519882,1,0,56552.46792316267,4.74607864158499,700.0,1
22,20501.2455846722,20121.13701131224,0.0,4,1,500.0,9.521934757313446,3341.2115450598703,0
35,32330.564799289597,21816.905344796138,9.509605058357074,0,1,40203.95902310401,9.656079949204988,3665.8293265271923,1
39,31362.98107240113,17466.25155571489,21.347124687511204,1,2,35751.6295453648,3.8305907121421967,1653.17297380944,0
40,52217.00634484164,28863.25916873032,19.276882238244383,0,3,26278.19998443907,0.0,2139.3019249204226,0
45,33600.15723524311,11830.204962452226,16.151689483538114,0,6,13347.907062514656,17.56846360601002,3006.353168113742,0
56,42350.41072321833,27861.740478907122,29.049780728633987,1,3,500.0,11.780620249677757,2617.5146249712025,1
42,41066.4540703231,23384.978536410825,11.772794336770245,1,2,20434.283650691694,7.78426514147175,3019.732631467301,0
58,47070.85850473612,17879.700801010535,33.78103818078586,1,0,20750.102737788242,7.878876246200223,2341.483041882708,1
44,78805.0779674162,14850.633592428545,18.178274367826724,2,1,50011.259859272206,10.106585142482606,4276.93884834637,1
32,66915.0566097493,42266.677587313694,9.42222148724226,1,2,15908.598510957736,10.705316430225048,1997.2338810748915,0
31,55290.32947496807,9829.913492579206,15.494852673647362,2,0,38149.871044148254,0.0,5022.417241743395,1
35,46701.52694954492,20979.331769684148,17.267204716011996,0,0,6739.683538047684,5.245640103173366,3717.7315256142224,1
47,47201.81218078562,10497.809297578675,26.015476668843238,0,1,38644.467493504584,4.725850218978373,3348.9037586458903,1
31,60899.43645913509,35856.207486213054,4.326517247285223,0,3,500.0,6.19282670749009,1663.57012907843,0
62,65515.043320341225,26868.263287992035,30.788455409569387,0,0,67715.33120275251,10.853969715709063,3418.7141453254753,1
42,38662.88489018919,11216.501211588558,22.52666822476898,0,2,27460.78451763866,0.0,3143.5445876125536,1
59,55656.65360105617,23125.949934312284,30.899497159429426,4,2,500.0,0.25428807218311444,700.0,1
51,18430.84776406552,20576.957212765556,29.3466148228261,0,0,17080.50943992223,3.5912748173218665,1335.8597235008983,1
36,58810.848115070745,12833.752380252612,11.676961227378065,1,1,14238.079804454408,7.771725632332805,2921.8651337739475,1
31,68718.68635525634,25581.642172281732,9.93914139152302,3,3,18195.27362640658,11.160628066701868,2480.030250500771,1
54,49958.764716144244,21893.053911044102,33.84996060709117,1,0,23436.454875620828,15.156617097805785,2135.169611404252,1
35,87697.4859305219,20156.987138859524,10.713024581833741,0,1,18072.89124013934,5.568229000578254,3571.0542750099157,1
32,39137.707946151095,17580.802887576712,12.895108467008999,0,3,15304.582612772176,11.152404548124924,1804.5986404226078,1
62,58913.9274754587,22310.544925996513,34.70182593962021,0,1,9143.706864020816,10.550812391328751,2190.283151285547,1
42,54355.1545600128,20293.876614924593,15.691506345207811,1,1,44792.209630795565,9.708345755350651,2017.6731907847397,1
23,53194.64198601865,18590.933330250173,0.0,0,2,51620.441074252434,6.878595300808998,3059.152332091755,0
43,52942.200975914544,11589.840840124365,13.401712333943056,2,1,25417.671181746817,5.002340307797482,1052.4876201610919,1
41,56927.89054017049,34937.66240762493,21.240321866758087,1,1,29682.54029941904,1.6730033469869356,2152.095333334636,0
59,70263.2573823466,7495.80056651453,33.89042542049404,1,1,9726.044516533599,1.342035669391386,1049.5113014035824,1
53,79799.2522529454,22276.36218879745,33.19953438018829,1,2,31278.37257005565,8.735409117490027,2318.4120722822945,1
29,54959.49559892517,14797.592576985671,1.6794198731199335,1,3,34139.34771876875,6.7278874485904305,3250.744108781768,0
27,69675.6892990894,35595.472694493,0.29791708248469906,1,1,26050.825025151167,4.922463110799071,3266.8068457224,1
48,42368.19496719792,8965.174627761593,23.577691426304547,0,2,37129.34959985007,10.324043131484045,1945.161500509277,1
23,68787.1981490722,10647.367382396678,0.0,2,1,35556.75807691845,5.997554164556128,3079.9897576243366,1
35,41284.15257111417,8301.819367381748,7.752809142974456,0,1,11025.490996369565,2.4341042310738574,2433.3529199795553,1
27,74631.87884958638,21234.650509506104,0.0,2,0,51474.855247121224,5.667509654849082,3824.9764757705675,1
21,94791.5357930783,4269.493404313582,0.7384565896175532,0,2,26262.367323067643,11.103149236039966,2483.033424673446,1
62,52802.490016514945,13214.715052422336,35.0,1,4,60160.288834505736,1.8824337391204073,700.0,1
25,18000.0,1000.0,0.0,0,1,37567.57060954607,8.046384087687716,3405.2129078398757,1
21,45134.68720159319,20404.213541280904,0.0,1,2,65476.79634669299,6.7228712780305795,2186.81072068482,0
62,77173.75241720746,12997.851412437374,35.0,2,2,51154.845047516035,3.1959505431527298,2353.2200430655093,1
29,64955.38216645441,3119.432560681469,6.2524478929291485,3,2,34089.41330653551,5.533239064802544,2902.331125016451,0
57,59480.44477615053,28856.094029740587,30.852119672601166,0,1,16984.076400846774,0.0,1317.762878232737,1
22,73156.0304071871,4923.331016150607,0.0,0,2,17371.78545414908,7.548200970786664,2667.1882173907843,1
27,63720.16190647159,25969.436900282155,0.0,1,4,39594.617129685386,0.17633508301320155,3081.047295396965,0
25,76919.05337412046,10989.591760121955,1.2358253393320624,0,2,32576.269508236517,12.36218608611395,2927.6577705167624,1
52,71549.62617964574,34015.71377895426,20.967237506959577,1,0,19397.52775216046,6.540137884829058,2060.961874069921,1
48,82390.60814926526,25495.505389261463,23.215492763727696,3,3,44995.07905698074,4.140931717153629,3492.7387671691204,1
42,61458.32951031258,7919.521291259718,19.676544447654425,2,1,30697.883946408583,12.802796640282267,1702.2536456786502,1
31,71294.66922689119,8829.174477896937,7.93057975079668,2,1,45102.17667541307,1.8407557788761597,2037.0305308594993,1
24,49471.712684455866,24055.2520522431,0.0,0,0,12441.538799371963,3.2615854708233085,2477.59870802557,1
46,44173.705391937896,15376.218692898332,24.579484496453144,1,0,47990.49002414703,0.0,2865.921523344664,1
31,85721.81752754151,16306.574929786344,7.668688374751702,2,1,39017.920248251045,13.547531521663885,2307.9110134796074,1
47,58891.68417380838,30722.38861772098,19.335765141180275,2,2,51556.253960314265,16.364328482965984,3705.728209101434,1
51,69487.85018552282,10513.111266300435,26.590956921653603,4,3,47593.749012894084,0.0,2865.757592241037,1
59,57227.32025940502,18912.937721754544,35.0,1,1,28470.838787257562,2.9211377969166694,2668.0921673298812,1
43,44442.71828344064,27546.27793652306,18.304259760389165,0,1,27023.258268420323,7.349067907540259,2834.1225432108545,1
21,55197.69206648322,26091.174883856,0.0,1,1,62094.557866636955,4.421529314956736,3259.6153378655304,0
33,80847.89231981886,16403.873324793276,10.017369815607942,2,2,24769.767551124743,6.843424969285509,2816.6974038269154,1
59,64994.32133702963,15110.941191473417,32.458877596973444,2,0,43471.806579081196,6.412010291448461,971.4348501658264,1
44,24193.483124851737,1000.0,15.439754726046731,2,1,23135.034140584645,9.037759300891523,3580.5579776259838,1
48,51125.599781629215,7437.550073348042,20.973007497603888,1,1,500.0,2.1951725302302654,2707.7076872684884,1
41,87081.28826868482,21183.592265747335,13.418897961096205,2,1,7907.896239492842,7.963298251221219,3216.367526499572,1
28,51151.65648670079,16621.17811057764,8.872226249859414,1,4,37306.5759275157,1.419362885454012,2234.650826570157,1
61,22591.38354878475,18749.270785662266,34.65560372028882,3,2,42620.37059289188,4.940710419842134,955.9551085217824,0
55,89074.87993760579,28392.536096340606,26.890414646416684,0,0,37365.84136596289,0.0,700.0,1
65,67283.06517663026,6126.768909377255,35.0,0,2,50627.09102508305,4.977259042742156,1750.068989578007,1
59,53739.768541369594,15638.1969776735,33.46097928685971,0,2,37042.68279421432,4.136312085460126,3065.5648131717953,1
34,48314.480750522765,19887.109634112177,13.547060790942261,1,2,16045.775285986476,11.717896783693309,3768.1018594678494,0
32,74482.33473625124,10958.40062425484,9.32407703389005,2,4,40697.43926652775,6.703699638401993,2871.7741027483257,1
32,45244.29879592854,32314.77113927417,10.397813415329123,0,2,33052.94329673934,7.612516165519085,1652.9953315632524,1
62,75668.61564128779,27085.868016131477,35.0,1,2,19639.9559109083,6.88773985751409,1894.2882707207173,1
46,64759.51514303661,20901.333270887553,19.45381300968984,1,5,38505.3474264035,0.0,3824.704788786059,1
41,59404.2746587723,35942.31779328587,17.940117180415207,1,1,31428.662988314027,0.0,1420.2972165126052,1
64,57619.26649604071,3011.047203898577,35.0,0,2,19109.99008402774,5.406611833095978,4491.595593362927,1
48,51850.575339144794,17922.73718894318,27.60195854887632,1,1,26798.416075866353,8.392799940869029,4288.433773242166,1
61,73821.52216376679,21663.36968934061,35.0,0,2,55444.20843975854,5.825674036399439,4521.249862882897,1
65,39423.82902216699,8854.449532060778,35.0,1,1,54855.98068925365,2.679705125332749,2942.631338736,1
24,25805.347717056233,21007.145418177282,0.7337362565261376,0,0,33386.59450686974,5.798434403171485,2292.627664161355,0
37,66059.92221206454,6934.1750621212195,19.582261934395117,0,3,31030.808841971142,5.364572329778027,2920.711639536383,1
54,66362.28990520866,24905.573182742533,35.0,0,0,4205.172229250864,10.895016244411867,3417.7264559467485,1
57,63644.3407452118,28578.347681289066,35.0,1,1,60948.572040593106,10.615099909329027,2014.301684788713,1
27,62339.1106531247,20723.334011283285,4.994117825505519,2,1,48654.153972623404,4.232927361781815,1608.9170859564551,0
35,49230.27318992414,1000.0,6.723443847417783,1,2,43535.12827267788,6.7503787307539485,2344.457155372403,1
45,69174.68867893945,8332.064788339654,21.755093707131707,0,2,500.0,8.380996430962044,1904.92300022087,1
56,54179.95371841826,23647.10003213161,31.86236625207846,0,3,30736.607711804332,9.123221977203404,3716.797830785324,1
26,46231.955905326795,18211.986435123657,3.9510046663037652,1,1,27711.68325025642,15.262990453952213,2045.2134376436165,1
48,49385.9563794028,1000.0,26.95013497049064,2,2,42290.67788941077,6.85926184329192,2686.077319937608,1
34,91371.51457796498,30428.303838682405,18.979444504420744,1,0,21881.445356175667,12.843724021032592,3484.7364685470584,1
30,23770.43052318221,19366.565062538324,3.080244368525956,2,0,25829.216103836658,1.1995846117819857,3751.8580793112556,0
44,63996.18587732438,9809.25335999955,15.84175803934474,2,0,41149.43290118466,3.811630877246448,2787.7033536692493,1
39,24776.01230277309,27949.55597566664,19.189272450008158,0,1,16075.589392403783,0.0,2945.8666129519265,0
49,53051.799910186484,11224.599870931012,32.43748031949822,1,2,19667.231698632237,7.756532700048678,1684.708435246872,1
35,47194.70526722462,11115.478823957854,13.365940760420333,5,0,33479.87951569731,10.237619774294165,3520.7509822315137,0
58,18000.0,21583.526510140364,35.0,1,2,54092.74266029232,0.0,3737.1709180675407,0
24,62002.676627807734,35810.384592422946,1.0037092311693536,1,0,44552.45527002025,7.941431837954203,916.6822348227915,1
59,48159.31488054048,34235.87177972886,35.0,1,2,49357.27324078496,10.021051736159224,4186.65123848206,1
22,18000.0,21597.114989041067,0.0,1,3,31139.70251187523,9.736187981692197,1969.4064798167165,0
54,70112.22563393654,22623.856588503197,28.906122211788603,1,1,56911.40442809355,1.0206943998267644,3135.1677993217463,1
36,80830.11120380083,25914.98932084825,13.233408482647839,2,1,500.0,10.865599865461238,2669.805552334299,0
38,81822.23816133829,5430.163246306509,16.6500894823726,1,4,66400.30593122425,7.046522486926993,2545.6617385004815,1
21,61461.21593172648,24441.483371519826,0.0,1,0,68731.66155324064,9.955188094582578,2414.1338195508224,0
52,55829.04649438808,10659.265318564718,29.60819285001405,3,1,38219.09429166403,6.37071054576486,1706.6930011788,1
28,78906.81917612435,21184.780667965806,8.050435182302694,1,0,44980.72747383923,8.90518683527731,3071.44520958318,1
50,85282.90453612177,15725.323723926627,27.208263210834456,3,2,29316.002447904986,12.546179000203889,2342.5597981198844,1
53,75404.23665176125,23012.083271142143,31.194820794490784,1,3,26227.769464679943,5.9798897294879225,1421.5199108080478,1
59,38052.323159863576,19181.0346500646,34.8259512178659,2,2,19004.333243441928,8.420524044483544,1668.4957803958678,1
52,58624.207357868596,1000.0,30.213434989289205,0,3,29117.783707240378,13.248843476283954,1436.7983626777545,1
34,62911.290597245716,19788.917117051806,11.185003267344593,0,2,40006.802560902666,6.333849175951209,2127.868504728184,1
54,22426.894559489872,24421.529522992627,26.597696088876788,0,0,37557.90924894159,1.373019172910757,3036.5893775891236,0
58,63448.49187317393,22459.283483384537,28.549055930599522,2,1,65758.8552904423,10.380215620779971,1959.993754461008,1
35,95913.852867629,16974.140537914205,17.515275659031484,1,2,31804.941824445934,14.174388053046869,3477.89740106296,1
26,66518.85098441424,34421.61691930406,7.942134549698782,4,2,3201.0858957894525,13.443917564087805,2492.706968524373,0
61,81521.43546595161,21113.73129121661,32.5513814654841,0,5,59597.5911820215,10.574938831644367,2339.5355703427667,1
27,58292.465142316694,22376.73300193106,0.36999614553365356,2,1,8022.822991324156,0.0,2615.0888872664623,1
47,53682.07016829121,28444.91894050569,22.267869487517313,1,1,19930.963340902366,3.820836365018443,3855.63943858069,1
31,61862.88502145756,21625.929996965988,11.340442913983182,0,1,34891.376544316256,4.076997561705986,1365.7951772519232,1
26,40315.12033628021,9019.822465857964,3.5062246017555503,1,2,37509.151480738044,7.224341959140596,4090.73027427723,0
55,37652.046629781005,1000.0,31.325437470065605,3,1,3982.110259250061,15.441324172203355,3464.1440980321713,1
27,77793.48202904858,13228.790979819187,0.0,2,0,16563.49974527484,1.5972918322140197,2580.509154466341,1
51,79702.16217159733,25609.455258811166,30.060795602907817,1,1,3345.915697094373,18.21101044298215,3664.723116293102,1
52,37160.08631942769,14469.036685821942,33.04419692045313,1,2,41190.83513980609,5.088360183628789,2309.7744331331187,1
23,72423.97848196956,26011.783722817294,0.0,0,2,51300.83792465194,3.1654934326327746,2857.1105377942777,1
28,53434.72043909162,19487.28175920273,1.827816821478133,2,0,8006.9152035627485,11.226023561558941,2112.7269432124403,0
56,61116.55434082775,30880.660702621848,33.78088429547273,0,2,47921.87915486157,11.62152133412063,3469.827647496764,1
43,63283.93550983114,15047.832928793388,22.384355229377014,0,4,46754.01739784393,10.249734555118671,1963.4699552878992,1
26,72898.30842623772,22676.14826567688,6.292295958260298,1,2,18136.72578159294,3.152722665969976,2553.7689898984336,1
65,56488.9276335374,23058.850645353592,35.0,1,0,500.0,9.510140638695363,3211.2249364926765,1
32,80382.91591543485,33016.01872631193,6.083738876722269,3,1,10717.391654494877,1.8322112804967112,3543.370677339364,0
21,60569.43111567864,1000.0,0.0,2,1,19285.36343564174,3.0137706800989594,1860.9604624080062,1
62,66235.31690445158,13415.917254468424,33.532445969269126,0,0,57750.07524256549,6.525649179478713,3277.8244116083292,1
21,40001.27335232956,26485.161053885036,5.531887168297198,0,0,27870.55364970802,2.90018200049449,1716.2134269864387,0
45,93855.86219268701,33458.96479778648,26.108782670347267,2,0,11877.09643217453,12.263741239393163,700.0,1
65,63456.84861768939,20400.715126420804,32.80093100325952,0,0,32661.27398913493,4.109162340452011,1926.7427174922918,1
47,67833.95365621179,15072.958355785131,24.282607429514655,3,0,6683.741924419515,5.897718908594504,3351.1939784686856,0
47,26052.655398192255,25571.183686744447,27.883696428208566,4,2,39258.12090371428,2.599008591629918,2589.0048089199377,0
38,40191.36358457618,26687.02675231683,12.906160149375527,2,1,12402.046933108246,12.188049057108328,2118.501825419426,0
26,77281.90638253716,14403.383213326928,6.971729481578744,1,1,15014.572676569634,3.669365128251536,2649.9304911419076,1
46,60164.04012926688,21303.073121775462,18.614624747826344,2,1,36758.856871774056,12.710055513723766,2620.15970571508,1
61,20551.96477307933,29805.272624119694,33.795528544075715,0,2,61504.20629043995,12.34271792641126,3159.7086939778937,0
25,73689.21872170875,36904.58993274452,0.0,1,1,69560.17608424614,4.770295245273756,1149.4610680169167,1
60,45211.909521650974,25426.04959235292,35.0,1,3,11282.42089596824,7.148339041305075,2507.8823388489336,0
39,80403.70574578081,18441.38896665593,17.960679625829826,2,2,19261.086119124255,4.631455117160242,2711.8495443873717,1
45,53418.9577851334,17459.248239620916,19.1710722663624,2,2,39279.581130672464,9.728609976284886,1371.166852531169,1
28,58684.72034836954,23573.965571936227,5.879811731691314,0,2,51038.20826955669,6.027643443355497,1358.825820888828,1
48,76221.18241464967,16843.271575205497,24.334091095167306,1,2,500.0,4.912596681136176,2271.762422915849,1
29,38845.12652461608,19896.404990223884,6.4267623597406445,1,1,31572.062740313388,7.230895816200233,2607.6718549431125,1
33,37128.75745898909,7421.237354691251,10.233265312323214,0,3,21231.426421849883,0.0,2610.841422549977,0
53,51463.02843283407,30970.571964911593,28.084197411728823,1,2,500.0,6.6207587759746085,2099.286366791079,0
23,69889.110393182,6598.152728513216,3.4314545621495447,2,1,5930.979960137338,10.248059850696901,2062.3988663295886,1
41,31044.20945295717,13678.882395469875,12.054934333519173,0,4,19780.059726462958,7.690271901305846,2244.3413106686576,1
47,24975.37720199626,18975.93260851814,25.629851913393487,1,1,31058.670359684194,11.758282828624328,2868.669585213869,1
26,69826.97668678826,37909.86879888639,3.9527774736623984,1,1,48145.8514847546,5.113509560696121,3720.1589061139866,1
34,44146.39037379393,13773.170151476726,3.0860338663237714,0,3,36378.26607147716,4.70354643836873,700.0,1
36,47939.9317674349,11339.841860396036,14.292213278103494,0,2,47055.70986901775,1.4134049801191715,3160.701909171643,1
50,21577.412765077017,12491.830826662062,31.23684064287304,0,2,30481.038045250723,4.97127548225637,2499.963504925868,1
64,42778.37234166432,34588.97167611313,35.0,1,2,17310.972955134028,16.82946312482185,3073.1500529889518,1
58,54863.788660639286,1000.0,33.910342231339584,1,0,26692.50083032967,8.377716825932263,3666.98900353489,1
29,71746.80143721207,7972.619878514131,2.3978110069373777,2,3,42519.3122544458,4.072318921008898,1920.3865317650825,1
21,41117.8570077765,45312.88709159552,0.0,1,0,48586.11904788209,1.969290309664669,3449.8742101075222,0
23,84832.77016418494,23908.82073491637,0.0,1,2,27338.255680010756,0.0,1471.3614221048645,1
47,42677.991564763586,6940.150506607801,25.20911241137203,1,1,13275.925277105307,2.848032152963408,2714.83930949053,1
28,42704.34757146685,17580.820178252285,5.850599127939152,2,2,36041.84687077025,10.795967542693205,2381.734907597615,0
31,82672.43593416044,18674.545660678617,6.508381353115315,0,2,38603.65734915997,4.864841133790186,2641.6515212066497,1
59,58806.28274255051,26461.252459056057,31.03565900223896,2,0,52188.943548956115,2.209141259287142,1709.8691436354502,1
60,45063.55487779162,36395.020028225634,34.70297625382774,1,0,17782.268286727114,2.759081079828796,2993.1951104451814,1
58,52207.603638749315,21885.516812792153,29.985800476181716,0,1,17979.649423217634,10.24740399969966,4027.658538963303,1
32,79355.32439575707,12602.116969870392,3.9156294631813227,2,2,43610.88355571236,6.59368462309186,1725.3288162652593,1
48,81391.65075326228,25870.844420982045,22.49335260781786,3,2,22666.19572183604,3.8639779289494522,2770.6809694969006,1
48,40297.72277313539,11017.473031371388,19.665586326045997,1,3,21905.68471177612,5.458058152227142,3370.285808971112,1
29,54236.191418576054,7666.625040109706,6.668677320188575,5,2,52574.517662524384,18.029415627737137,2332.9333446510946,1
45,56622.82289801632,1000.0,27.69561942289921,2,2,5321.8990869388945,13.09811537102822,3824.353629400992,1
44,37247.678010701246,2348.7160549959917,19.965425114218025,0,4,67011.6565159592,14.343126648349239,2213.2804927231564,1
38,53997.6690523001,9035.548438757281,14.837229591035566,2,4,18972.562564059117,0.0,2495.3347671210845,0
54,55095.81148813061,6222.10232299129,27.18978965653882,3,0,45601.11125041282,6.244488610815295,1706.1612232160855,1
51,75523.77062086124,21132.365273747175,35.0,1,1,28041.606085343254,3.7760545042455838,2713.93132136281,1
44,76733.65050960162,6005.981741759646,23.95024298371592,0,3,34884.52112769845,9.71920097916923,2602.720650949073,1
53,49074.23082953785,1000.0,23.91004028237679,0,1,25269.84300428828,12.299034392261,3172.31112036038,1
55,51148.84341050539,7560.882254105343,26.642644676208043,0,2,45418.37973659353,8.632131064600198,2027.4145636199355,1
46,66957.26143700143,13281.403522785808,27.653549200909584,0,1,23748.1702676478,2.6376497867027053,1986.2039379044832,1
33,44466.60791931379,11945.505121280346,13.664264322914235,1,4,19686.963506788175,3.6949333100138224,3016.2429061099833,1
55,65595.52273127325,33195.24679309184,30.48996869468028,0,0,62640.15286565985,10.102854330664274,3857.4714410671077,1
53,53417.68322735414,11864.5744071085,32.74651028328095,3,2,30528.888546246453,10.600365866047134,3166.109222867886,1
65,37550.825600704826,26809.23463199198,35.0,0,2,17837.479901648272,7.70476186218702,4262.67102375003,1
27,37776.93916816636,17810.174003191383,2.4668212727307868,3,3,3174.8413815858257,7.6489545969478545,3099.7767240997578,0
39,81047.05652855983,17576.952743274014,11.66818028979784,1,3,63580.40455864765,7.250612678842751,3067.3635702689317,1
62,52184.41337542063,9646.19711151963,35.0,2,1,20065.343223805467,8.345482788736152,3211.3635926029274,1
44,84526.3736901696,17412.173484192328,15.336226100672368,0,2,67113.08829302066,10.579804875859061,3939.353680201247,1
63,45754.54730713162,10349.03873102583,35.0,0,0,37179.37832543188,10.150828536182647,3713.813059505468,1
21,60241.69362036688,19700.243142545703,0.0,0,2,32571.933605444123,7.117927169417085,1623.6095902021075,1
22,98068.18101432835,15637.503673763118,0.0,2,0,33057.18862190396,6.754752913363319,3320.523698849064,1
56,35967.03859606097,8553.720668083997,35.0,1,1,69887.1169069805,6.563508454651216,2838.8208552186575,1
37,20839.339001804023,27918.943397005954,17.393887629268622,2,2,500.0,3.0983467790011803,2425.3684856999653,0
44,78158.6223631702,22268.40480021425,17.056136039920645,4,3,33858.14735113509,3.0348592533412577,1004.3637600883214,1
40,40117.43610292468,13519.372658577518,11.311006012377932,1,1,25226.33506445897,9.719781374015554,1213.8551807657493,0
39,54627.28544608779,19454.9304703531,18.23698796059258,1,1,26164.319068504865,3.4356555680271814,2271.979501898211,0
63,44453.47221187147,17161.774784980364,34.03649070527083,0,1,32687.613338554267,11.06966933956512,1281.86764240873,1
25,59826.93005719569,9324.09062736726,5.9201419278432015,0,1,25207.42530906972,6.743286444821865,2290.6188631214773,1
55,37890.34827065664,18704.96229021164,29.912906861270216,2,2,33386.352009389506,11.097976292175815,3242.9071274857615,1
61,51761.07841810049,11789.882451926256,35.0,1,2,29575.605681209025,10.184794017774035,2077.1393088894592,1
50,63096.67587801762,8550.661643799007,32.324426763812774,1,6,6355.9527926763185,11.214649623860389,2675.116342476113,1
38,36850.44004706328,1772.3266973347509,16.17955401162096,0,2,36864.58868059582,4.618171217490641,1637.0432375488394,1
28,42398.487466374,14413.926464613693,8.479317393117917,3,3,42888.980130592456,9.04449725239521,2868.8905564737483,0
51,48747.10899522643,23669.706595837233,26.291862381261083,1,2,20242.818884854496,10.689439947741821,3057.3218523226096,1
42,29281.322183926994,11053.406466211403,25.71879218098084,2,2,63622.12940803327,0.0,1319.3591686872724,1
27,47393.902309622565,43207.0869215797,4.335604573417976,1,1,54040.29142195369,15.508467237744302,1923.3023330618103,0
37,57138.33771825223,26856.856536527324,11.352608046857334,1,3,45191.141385081086,18.32976523057037,1459.5467593333801,0
64,47808.119051408285,31043.301326604782,35.0,2,1,44972.773392504256,11.736441472489066,3058.2933171360664,1
32,50115.22312722896,25952.430120737587,9.451512897447241,0,2,30541.74514697798,11.029403810649958,2747.6059044933627,1
29,54641.769923681466,36528.64974938573,0.0,1,1,50544.69788521957,9.943792987297591,2555.259385187978,0
51,43196.617676218346,10129.98016527458,24.748942431980833,2,1,58273.58301711784,5.382833291566372,2484.5466156728125,1
29,67439.12618560379,1000.0,0.7197297431439877,1,1,44544.43223061507,6.449148943657409,2890.5518918893317,1
62,80847.60624643197,13538.743916471169,35.0,0,0,19734.899847377426,11.822024476802644,2908.566342810265,1
59,46641.15294048193,23582.185755475377,26.996544316221325,0,2,29285.734110841193,2.1339140256678872,2153.9802555678116,1
65,63733.56816659873,19515.169717479785,35.0,3,0,40326.060593569615,1.6964154343543738,2027.9628765166262,1
62,50686.89120217635,20754.72610967784,35.0,4,2,45079.408272830595,5.013354056287509,2546.9043244668183,1
31,61578.77221069309,31209.100026698725,3.8682039243822306,5,1,28605.410138216088,10.281265874477542,2429.238591800242,0
30,83184.03156165857,21820.575744624995,12.26640086941862,3,0,19797.446152072713,2.6703192086289995,4454.6140025443865,1
36,64155.87177432578,25989.129275910214,12.901025644878073,0,3,58515.72577280098,5.87291966541321,2254.4947948660274,1
42,23078.538301425746,8604.372581472411,12.783918907107658,1,0,10698.245138658764,6.466621979739951,2860.698780902941,1
60,63171.92136604526,7046.063107839633,31.173827224678213,4,2,13056.028398607472,1.940653806827715,3019.333839454834,1
54,77191.54737956217,34141.13923024488,35.0,0,1,6111.699428974553,0.0,3860.4718615527727,1
49,51011.26894003415,19009.01535147068,26.461545589910553,5,3,13016.085246762166,1.8674373029059783,1869.9338674284786,0
60,72921.42651012097,11767.70816553865,35.0,2,2,52452.20778814206,8.304432586583463,3805.683046227504,1
50,42577.920259264974,11786.055064528819,31.80289340067072,0,1,53054.98961723766,9.430717341387368,2467.3439831112432,1
38,28260.29512859907,11508.768783617425,18.757206456551934,0,1,28667.180379626945,9.471814919307025,4851.2107066817625,1
39,57541.04233898752,10910.409789541583,13.260565275350192,0,0,38933.65912002205,10.04786197421569,2926.3419973035343,1
44,23383.419026566346,5168.521973963401,16.91521698106342,1,0,29810.917602769514,3.8680254973127703,1493.9637835842193,1
24,50684.12176791535,2995.7959777949145,2.1496803514052143,1,1,8544.417132846807,2.7969543750640637,2422.5571946214036,1
54,78163.16072761905,16049.956223455809,31.73440709411868,2,1,69925.9261381398,8.875290024254282,3802.6424215954285,1
50,20624.267696566945,12070.741296796004,21.610972993860457,0,2,54745.31937125958,5.941249648815296,2673.387038970104,0
53,31969.05767354984,29071.59285443295,29.85221550089709,4,1,36379.549295934754,11.535393112730512,2546.337133162606,0
45,36423.4195870916,20930.766532669164,21.285497079897493,1,1,14593.981396939143,8.906867821687745,3247.0974474809154,1
56,53860.24252520272,20653.17680077983,34.419365268617895,1,0,25951.18121094397,13.419102814164436,2289.5020783992013,1
63,48417.09785836823,10568.795924455495,35.0,1,0,17536.34007444056,4.672318478372022,2410.340141795357,1
46,80184.45487052957,16789.715842200243,25.07215590114958,0,5,31756.48033671244,12.337671250539229,1749.7929410616052,1
40,72178.26992365056,21610.011036314405,14.788720496683334,0,0,35578.61714278827,17.17337948569159,4155.938702869751,1
25,63914.91302923476,25161.957397126753,2.053268360952465,1,2,23859.74111141348,7.268712808038134,1499.6498486772216,1
56,57621.34565818993,17061.081734816344,26.434910740592024,1,0,3820.570447673963,9.496533384703842,2752.5199937871394,1
61,62078.13598572689,28791.23779324209,35.0,1,2,68377.06174288591,2.3473585565075625,3031.8960932737396,1
52,39484.317604359254,18079.893089079425,26.747619261748554,2,2,34275.481442964316,11.470282629411692,2587.7139920733844,1
59,70429.78636401902,25928.4711851768,35.0,0,3,38218.656003499695,12.645290847621503,1471.523484059159,1
59,34983.20342153438,13101.477914108498,35.0,0,1,22396.631050650256,4.527734079666946,1701.11237505998,1
56,70036.78589024015,1000.0,30.425806383608865,1,0,1883.7999240741556,9.93079785537419,3070.2652265209567,1
43,76350.56503813896,20683.589880185227,17.064465372529828,2,0,28500.59044383894,8.402363694223025,1898.1086222634613,1
25,58795.56283758557,25253.240631466255,0.7610161791200086,1,0,24182.003838235793,8.953926451379257,735.1844997603816,1
21,51828.16493868444,23753.473318075696,0.0,0,6,42771.61885295239,11.060098703826366,2948.2804905101893,0
30,62205.57834957412,22221.8666143744,10.507758870203027,0,0,46309.39632077106,9.59449754499741,1814.7541580397972,1
40,18000.0,14514.130340450127,13.961201294883494,0,0,43770.53063476867,6.305060869135787,3168.097346213226,0
54,60440.6479327383,9932.537485544077,28.488120451963535,0,1,47788.90204650868,11.166481777150686,2418.540831598144,1
41,52959.62803888347,23517.282690437805,21.006634728108374,3,1,62465.98453457877,12.559280447623069,2375.168904337577,0
22,54088.69396497416,22264.47416198275,1.51309644370833,2,3,37017.33131164001,4.229027829900013,2647.0143647153673,0
30,67717.5852321609,12391.009091561737,0.42519121340122523,1,1,49785.88477457702,6.9910043647671225,1575.3560029456569,1
65,53654.1594118349,29094.241891920567,35.0,2,2,38889.49032904311,0.0,1857.0922211621496,1
65,34476.276580279155,9171.344854523995,35.0,1,5,500.0,9.917990237656065,2366.068356120803,1
37,52454.751925143195,12164.766212089595,15.723549100499495,0,0,27218.63491162124,13.115587881321353,1570.0913677064868,1
57,56215.99871345484,34364.25212341665,29.48385983941786,1,5,14381.192875731896,5.713523862553694,3242.4358935154787,1
53,57068.81040845823,26685.819377339125,31.636055507447544,0,0,34165.79995267849,7.66718078917347,2323.358917560719,1
62,57914.54861113123,14419.906941089774,35.0,0,2,15761.817132354534,5.8990213252803,1295.5070585141839,1
60,73708.64280853396,20873.807096435507,35.0,4,2,40902.25602054606,5.080518880620681,2096.873919089874,1
49,35451.37804538534,19547.922445238382,22.35872462538616,1,3,47658.50576651271,8.16085643423298,2691.0823084297167,0
38,58162.6082109673,1000.0,11.012835497343865,1,1,51664.26082836286,3.0787873048610814,2198.5185918393017,1
49,78218.73457512833,8935.260505266184,30.307002643077027,3,4,59146.70810743682,5.8236153177828385,2959.8342977561206,1
35,23776.993055130486,17491.533828907184,13.978174676466649,0,1,500.0,2.477245359470598,3116.632714561374,0
36,58233.64025404096,14433.885234406938,17.55203567250846,1,0,8417.99937095727,9.945382929248384,4761.530248357803,1
48,44463.18696448522,20471.025648304207,16.15764428522162,0,4,82700.67335219613,8.196190601338511,3635.579781224653,1
46,48327.21307948411,29294.8231294792,26.39617357116617,3,0,48171.42695747179,4.843810413075379,1127.2666900729957,1
47,38713.4649421404,14784.642153460725,26.182179933570055,1,0,34040.06347884621,7.185393728111978,2275.790763501193,1
38,51948.08711739201,7423.452038771351,15.179900765272322,0,2,30576.675185614116,5.896373721118257,2360.0228367968307,1
39,88142.60105968427,21248.516585110454,17.51237613617028,2,2,28976.517352291452,12.719475852863171,3117.563830182175,0
21,32240.253498810154,14733.766664321965,0.0,1,1,500.0,4.794938423282855,1759.77253636846,0
48,33947.01995538111,16439.364991780974,19.87283752579215,1,2,16098.07611677714,10.175224827159418,2121.8730522214955,1
46,31565.177737056918,15082.262808469213,23.190254780028294,2,0,27986.743298916143,3.4739635734585343,1480.0293116816101,1
63,86093.52915930582,40418.37800010986,35.0,2,2,17114.522241713043,11.071192001899501,2057.9608488576423,1
43,46677.885300616836,1000.0,23.06282612588141,0,2,19467.55217011053,12.18652800001804,2091.53100747313,1
42,54538.49691374187,14116.66096867354,26.956063588653926,2,0,76057.16559565114,12.42253146297271,2318.2947684292476,1
24,47749.90706008769,17963.10974351608,0.0,2,2,25470.245251804787,14.355084455693488,1532.1385367722187,0
29,38000.38818874436,10188.575077172212,3.5539849145535936,0,3,35006.16014880116,8.462225000395126,3483.8231654608035,0
36,50767.28836094016,26998.258321282832,10.68574270281217,0,0,34365.653130066996,13.189733508316209,3024.9924765500464,1
37,99248.38490325808,26132.576787196394,10.612570773038607,2,0,40610.270975215506,15.120899761602123,1296.0532045569946,1
37,80057.2765775366,17522.453815114593,19.242008813832605,2,3,21408.91021433816,1.3897381805774804,2623.3756452506855,1
38,39647.1192797391,15293.262446563058,8.788036400022426,1,3,52445.66246469629,3.9838092911839884,1191.2706082317059,0
55,66656.33385511034,16880.43165768353,26.20780160738624,3,1,37984.11948492124,0.0,3808.0301534239693,1
26,40032.59009200522,16952.133463521892,3.386674869087496,1,0,6831.041272956005,12.305720623623854,4052.6975358409645,1
35,23025.382500768024,17216.269718742373,9.341258900769187,1,1,28064.928013866684,0.0,2549.836435500309,0
28,73351.19651796333,16120.008984832006,2.0986758368929976,2,0,26901.33022790777,0.0,1832.6193493807991,1
34,75881.67123958391,20524.493145923927,7.867710389957703,1,2,26073.02180404879,1.5130365955241958,2002.1576051639813,1
51,73828.94051886219,25532.12064827865,28.357380178924235,2,2,39167.34244001551,0.0,2191.6321259517754,1
23,46542.42551404769,5697.398524014232,0.0,1,2,41425.053405225975,8.360790149127158,2503.8554876678604,1
36,51998.03678796425,7493.361007668511,16.564981586739428,3,2,39299.75549065175,1.577286773070158,3833.422682665695,0
22,68495.77996584622,1000.0,6.979276181581248,3,0,36100.47644539614,0.0,3460.041629278158,1
63,62046.92867226593,26663.974003575997,35.0,0,3,31541.478737811154,6.790633399474142,3473.904053360686,1
53,47914.5255166532,20503.232931904633,22.831440798329286,0,0,500.0,7.085560142235234,2753.5204436055633,1
31,25856.707237873037,23052.675159327708,6.414657413296288,2,2,44002.067320887116,0.0,1561.7494484524552,0
29,57049.75349455622,3705.017616365316,9.742611522910595,0,2,38790.37371191658,3.4314941326473813,1906.9489613315343,1
25,74422.17350625004,35849.48122880138,0.0,1,1,12274.297019917663,6.626806240135006,2654.6491368371876,0
42,33443.41079738517,11911.490918546424,19.06026395437812,1,1,35050.48101113955,5.215883632650564,1519.0099128403172,1
54,66497.66887016759,19682.05807111256,30.013537184237123,0,1,41662.89265944402,5.352583864736312,2873.584655496896,1
47,60967.75051240647,26543.84660678372,20.045278760614096,2,3,51082.4471740511,12.89643489368056,3324.6111692693135,1
60,68502.66873818201,8130.202442039281,35.0,1,1,39185.42597712997,17.73272396161787,3090.8108527624922,1
36,70695.55899494213,12536.756414873333,10.127031043269968,2,3,35788.83252269461,5.433507570090989,3054.670525626499,1
33,42499.62564534365,19791.717746008744,6.948721340233655,1,1,47041.90171501337,0.3905923371012294,920.3456150392396,1
42,25894.73079703097,46574.73075464706,17.123688836477147,1,0,24482.279636505908,5.827084506930925,3800.0202170039865,0
30,45396.64853770817,21011.247428520244,6.802882654190642,1,0,37416.057952710944,7.971465517097612,1189.3532029711873,1
64,71004.29171548614,34063.611506307185,35.0,1,2,18819.96250433119,6.733607276150785,2462.525707538759,1
29,45243.92973653252,30056.731451919557,6.907140600903236,1,1,49985.34073718346,10.05345559112197,3156.6891894074665,1
42,42507.22017056245,21680.10036494519,20.879414776829275,1,1,1025.1999433798992,18.05954625098107,2922.737773386341,1
44,22215.69384535651,8108.042283693212,17.062939750856728,0,2,44701.269134705835,0.0,1449.9473056586348,1
23,86547.6559819169,28597.53610818235,0.0,1,2,30318.761313264127,4.46460166483098,1611.5069393866736,1
42,69862.84554565558,3018.8965835195304,14.708485970636982,1,3,47376.97195307328,14.705715886807532,2858.3644601661035,1
41,68858.12766294576,34008.75123677092,13.244590612116752,3,1,15950.20133295664,4.389772198670825,3059.760512392542,1
32,72419.05696203053,20000.053082182552,6.403179042076118,1,1,31619.704418693327,10.947467527872117,1603.516539848455,1
26,65380.75050778123,1000.0,0.0,2,2,31091.341615163004,10.154503486738294,2953.3333750684787,1
23,50602.080606768475,14594.93904968161,2.62265591935473,1,2,37809.90408090821,13.184399284069013,1236.2538682753423,1
21,52052.24612580037,24539.478209229404,0.0,2,3,11143.88488833635,16.566698720797646,3161.950331573411,0
42,47303.841437341754,15629.761269602333,11.936133619912592,3,3,41451.87158551836,8.665363535502618,1804.5423604096727,1
25,102425.33357947,25150.058109935733,0.0,2,2,500.0,0.0,2672.4621121263845,0
64,65006.41656338997,9499.758322877045,35.0,1,2,17978.842971887454,3.4979641186794037,2521.342076934045,1
32,46651.59205567418,4940.1762721239265,8.433925638258033,2,1,1870.85987149442,17.930264332968072,3644.5915951201414,0
50,63378.94193499304,17285.545969523948,23.050641936106103,1,1,44907.94919434127,0.0,2817.917025830304,1
51,36804.35947858628,18315.65667289915,22.44744831665241,3,2,37202.35399516265,9.484032845952866,2060.808330823536,0
43,82081.1209346061,14516.156489376786,17.91669148120221,0,3,38208.695644177256,0.0,2923.6334349897566,1
60,43100.756275471475,30272.911466421923,35.0,2,2,56517.40913247407,0.24386409055245384,4528.171915298881,0
25,64019.53778720438,9497.926248609423,3.266826163141646,1,2,24313.049955087557,11.434686406999564,3266.110629158152,1
31,74187.59733537643,21131.656073323495,2.093849269540044,1,1,40972.54226542788,7.179804601648779,2546.749687639674,1
32,61925.83379568987,18679.69971163625,6.843314750276909,1,1,31188.402249176554,5.117790873058606,1849.7483257958215,1
27,56700.45985275349,2432.8404786391657,0.0,0,1,28447.778015965054,2.9282198782254367,2045.1576494530557,1
34,55194.43752740827,4809.698163314877,9.834666766868702,2,2,53519.26497742013,0.0,3211.993629471707,1
35,53984.06025603207,18119.110162486315,16.923879753115983,2,0,67473.82854123674,10.467029431133188,1802.777684910494,1
55,44619.42719930496,37811.99998686964,28.108129672891742,0,1,22233.600068458538,5.584263151712143,2602.419884971222,1
34,46909.29826414533,23792.69811898811,9.11104131769422,2,1,45006.952647357895,0.0,3893.8570211054703,0
60,81632.62672571684,1000.0,33.49104716199007,2,1,35744.1044276426,7.1509456975514185,2735.353153721289,1
55,53046.34061166718,1000.0,30.880188124645674,1,3,35960.023604107955,9.90624007705064,1628.7813878323118,1
61,40855.66715111009,25330.5359300438,35.0,3,1,34449.19912260278,5.996631549373134,4560.063067405349,1
25,45706.64325649285,17037.86517071801,5.919083047942487,1,1,24004.596153699156,7.579963416562107,4186.203468151319,1
65,74806.67225255002,29412.659695103695,35.0,0,3,500.0,7.190634077437209,3051.0589025411837,1
48,67160.91939696061,9192.820792885585,25.11762893426559,0,5,57626.5678427728,3.46602595685912,3748.1798702051783,1
65,65085.925208180626,21502.124978585263,35.0,0,1,17494.81342189682,7.271298066499161,2359.7182869791245,1
36,50364.61841962375,26461.734630278625,9.782317237425463,1,2,25651.97139088905,10.676084656619713,3252.0090298989053,0
63,65320.52446311301,13525.363617935182,35.0,0,1,26034.727799674416,12.173218366627914,2218.8141753373234,1
47,43415.89975088833,13739.144297689345,20.842814473326534,1,0,15891.5389214392,10.953646692946716,1380.126473040541,1
24,50326.947435776055,18252.628310983906,5.870599836900952,0,2,34324.32255592119,3.6245098438204355,4932.730349756609,0
39,72456.48077305141,23426.76346560329,20.693376312051228,0,1,29202.376162402474,10.181062757848919,1334.1157400390266,1
27,70736.99822054316,17856.65995488089,4.535235018062229,0,1,17102.352381068315,9.327332136682726,2867.802317952117,1
63,37325.622772885545,27739.963377594864,35.0,3,2,32687.43629972439,3.4514560377740238,2857.289016660354,0
34,39600.523847645636,13380.6481073297,8.630479258947384,2,2,29405.159526749438,4.678436312302816,3064.4050257705667,0
31,56956.638750641374,4716.047945368904,1.5301362674240893,1,0,46701.09428318584,10.398465513237701,2519.284160427337,1
45,86070.38274405118,37769.7536811318,14.768132282817255,1,2,5873.109821728813,13.884540764032213,2528.6751410947036,1
40,20519.827039558106,11953.662634575536,22.300438428845457,0,1,15502.992223947906,0.0,2724.570560051294,0
25,60009.992912269074,12315.579162822527,0.0,1,0,43055.356995073285,15.200306191846474,3031.8816332067063,1
57,30231.220031683333,17341.966789278158,35.0,2,2,18484.627017931984,12.820798379540857,2598.3652747127926,0
59,43582.04211654018,18671.811096539812,30.330694284636788,0,1,13738.7592741885,7.995592500830165,2538.4749687575936,1
54,48440.288474843655,14133.16357511717,31.290472655289033,1,2,19374.763061845006,5.796416883210009,1411.0010513545624,1
48,47430.84981813596,17825.66103050991,20.0891126746607,3,3,28182.38309959111,8.952167246095716,4412.31422272764,1
39,45391.67308613425,17602.37768571826,6.900308424021499,2,1,28250.77915079325,3.797173196705149,3082.1292343721298,0
45,55129.72708677466,19748.19327020807,18.67875771975846,0,0,26220.748150158,6.11152490026665,2788.0160851737396,1
44,45365.39980064959,1000.0,14.18598469136114,0,2,11485.827327924304,0.0,2037.9794350943507,1
28,28675.76707262525,36808.763070078494,12.343049018369554,2,4,43916.86069056357,0.0,1696.74722643514,0
24,69037.65302540998,16527.116864654425,1.6065997648309693,2,1,53871.955720638194,18.66153317352942,3373.9878032427823,1
32,68551.69900867985,23806.226194469855,5.84570564489029,0,1,500.0,7.315376092041439,2456.123853423916,1
41,70177.13758040805,4218.986584659759,15.203119066491835,3,1,2036.2688863765288,8.018445105011834,3158.9581261156054,1
28,27266.779067246527,13289.997387507497,11.885060788023617,3,2,48051.42554594977,6.84633603444563,1383.0648796689652,0
25,60380.52674651472,11276.841336795855,0.0,3,1,58256.3341312633,2.861129902595544,3992.1693595789684,0
59,67167.61940452462,32697.23764508545,35.0,2,1,500.0,5.464689451183665,3411.2396918684935,1
37,36438.36276808747,12141.863931641172,9.94032294681196,1,1,44677.85702301901,7.455943469841753,2527.043576511822,1
47,55165.11846727833,25580.799869400915,27.707754177169182,0,2,59481.83795607803,6.016808612240175,3020.8628765806166,1
44,52907.200384413416,11495.795473268048,18.246377998119062,1,4,14476.579215009393,3.2389863615276036,3266.903923581334,0
54,88158.71185422875,13473.810603460559,24.27169228247262,0,2,58434.02088407779,9.397443966120225,1396.717504626977,1
54,89640.9286662263,15544.49834799314,31.71952812959216,2,0,26796.102944159895,7.941823459340717,4110.044202249128,1
34,25041.584920056386,30838.451268293004,5.478811962400285,1,1,35663.467630316154,8.964538858718468,3034.93489827467,0
59,99890.6861031038,1000.0,33.78405322211982,1,0,17053.800338152403,10.525224060099179,1966.3079412205666,1
37,38525.93701924017,4843.364447255673,8.228698219641192,1,2,48018.513468385005,6.147380438508661,1613.0675090018947,0
58,72652.11929789366,1000.0,35.0,1,0,45020.1381170784,6.15556029859261,3488.3879672456424,1
39,72468.96365554715,7124.978802385498,10.943169615691776,1,0,61044.768403136826,14.412262811260275,2790.0432775043046,1
25,37077.575916847476,9883.999488078927,0.0,0,2,55930.93264398404,2.279923955454401,3034.340812638884,1
55,63878.82028910378,1855.1874590961106,25.048943641970517,0,2,29835.299204089766,0.0,2623.998099100652,1
22,53064.39260321085,10658.52253385331,0.0,1,2,85950.81507327413,9.777693510287401,1697.5306797415537,1
55,64977.94008338303,1000.0,34.74131077887121,0,1,54314.26767252661,3.8532495256286525,3057.7560109353053,1
22,59152.101442851264,7820.112762323188,0.0,0,2,39729.28863082182,1.6132452135327568,2422.2183747645895,1
30,76534.11073666444,30004.203999102006,3.2975105957677298,3,0,12051.22084223499,11.4261900854621,2580.477986156174,1
48,56357.19177662912,22035.880702811028,26.927477423862463,2,3,2459.4108739025687,6.27615808120421,4739.30243513502,0
63,51978.266750326395,19874.67672172528,35.0,2,1,3989.4985726201085,0.6821797118407869,3382.162223988238,1
39,74729.15619502924,7972.214437208855,22.78564369863394,1,1,13194.021235358177,16.674730595047773,3434.088418782133,1
26,65447.12736745486,2639.15040955276,0.0,3,1,54791.44780602411,0.0,5048.470814693802,0
31,68172.64109777598,6608.439244657193,5.991531663327062,2,1,38767.60044007542,6.566608038319502,2946.1164849621073,1
61,43037.439899345256,17567.90173103985,35.0,4,2,18959.28269936775,0.0,2707.7367828043816,0
53,36185.26993482746,26681.767797266682,30.174858656282296,0,1,27554.357803859264,8.353291169261135,1988.7133855478824,1
25,44781.00142145137,27023.674171353203,3.8757857824857878,0,0,25360.564747298053,3.7944564989478935,2192.7033275953886,0
38,43825.2150577494,24306.12362483333,13.98357003916702,0,2,44400.91206942593,11.096374076646848,757.6066101066101,1
32,69151.58683575246,10624.431359320559,4.346323210082935,2,1,14181.640276155056,6.913068068466456,3311.3810049259173,0
29,72567.71290529292,18245.49832403988,8.619176485979908,1,2,36294.35495009237,13.753038895034146,1459.7711024206396,1
59,52207.654788416796,14786.574699627541,35.0,1,2,35401.543967040605,4.851430412980378,3412.4623837601794,1
48,80756.54233883834,15988.102365052497,24.13592092097844,1,1,14720.375817247588,0.0,2561.2765847354835,1
29,79632.44908777234,38371.278969598134,11.138742303257777,2,0,58584.10852578628,8.18758026513433,2715.252843287929,1
50,59381.18049520971,1000.0,35.0,2,2,24679.71828258369,5.73721259770402,2561.868862870041,1
39,40205.94811222528,15653.231840777391,16.5641439924546,2,1,12130.497757987752,0.0,3847.46698599467,0
23,83356.77968983972,30117.489071961565,3.1052023607092334,2,1,45351.83963136347,1.7230986195714486,3688.498123942786,0
41,53901.68768148865,3341.085049664618,24.383342871249276,0,2,30980.92038878356,3.3143377726175536,2573.99773491084,1
29,57270.97353575754,11562.525747337495,5.625605202065266,1,4,37351.70962786298,14.776916952003667,1790.8963312280334,1
32,48887.109539081765,12709.615024323604,11.375999970844418,0,1,8675.763596552282,10.537228997849894,3431.5001947988358,0
60,38983.774126650445,15767.102779460154,34.512837827715266,1,0,44623.4925295555,5.261324186036326,1722.8825257262647,1
52,28564.490254324748,2040.4284039378272,23.547976945745997,0,4,69103.71056144197,9.354348649361194,1200.6248379936546,1
27,66391.62982403119,23952.860603380395,4.546989508040421,1,2,7268.992863879663,0.0,3048.5148816389546,0
59,40898.78102986083,24662.87282513144,31.022246605762323,2,2,36375.758507811515,4.175469444259993,3696.640929622904,0
46,110071.56212194281,23083.753250179478,18.22791705527186,0,1,15864.425483699775,9.004976895041812,2235.4233489855114,1
60,35450.67551297537,9296.263257089186,31.618875371086,1,2,78412.90907275432,7.82688153197734,2964.0659194112845,1
54,32367.11545033534,18865.107907872953,32.49390652161355,2,0,52313.3846067045,4.303219270481959,2225.8935694360703,1
36,64182.49688104194,9005.597604309125,16.836143267230163,2,1,35077.93217453946,6.808459339344999,3249.794013817236,1
45,82527.64262141132,14674.033392284873,20.990061556768012,2,0,7898.385434350428,8.69054252356009,3585.526717770994,1
44,56162.61382497799,39534.67927170878,25.15336046825982,0,1,12250.990654027355,6.953216699157562,2363.4213069661796,0
53,65300.363563370935,18956.95377596256,26.790917297598284,0,4,43432.9411022722,11.305019784617363,1675.1571580497239,1
32,21816.14648574323,6124.734240128266,6.005306502559464,1,1,5475.140441085165,8.593510549438212,1288.6724576496147,1
35,42804.792177548195,19803.353406639137,14.181286159993748,2,1,6039.950794642777,9.556202352148397,3433.1195892142237,0
32,35674.91687552379,4482.040739366903,10.258795891046768,1,0,30158.9627730218,15.567773941150417,1577.090157462956,1
34,20889.174700938143,6009.896074849883,9.49038530753746,2,1,32401.50005178434,11.13753166482533,2934.82181708213,0
28,57105.644212429965,7588.768640512091,14.236419624860394,2,1,36840.56532949729,15.704792231904863,3299.6663615982643,1
22,18000.0,13556.905478043165,0.0,1,0,22088.544639291955,3.6404281688991,2148.828309304511,0
63,31200.472610425924,27369.689955892016,35.0,4,1,46562.637830359534,0.0,2450.4102348380397,0
24,45330.51170775847,23783.98198016839,0.0,1,1,14487.335166424318,6.298596046445465,3499.1391027560953,0
60,40036.854952880625,23229.95328247328,31.34501437677015,1,3,41279.59836401594,5.8720181916130905,1872.625591398716,0
21,62135.35303972722,7010.754344094576,0.0,0,3,33854.17221602626,14.29707076194678,1781.2595554693125,1
55,60500.44345424464,12586.856445643512,30.53183585383971,0,0,40811.683541313585,1.3497778367158046,2389.047900911836,1
35,71088.37742683823,20720.011068831882,14.055208722802348,0,0,51275.96493465969,6.6056051977002905,3750.121395868736,1
44,68542.9071888282,11716.800146115871,19.797171577638434,0,1,21804.017788112134,9.025896830214434,4049.6579851432425,1
33,75534.63020850485,15216.335596989016,3.9177570652147877,0,1,18100.604427250284,7.500512519921792,2511.0952816033396,1
43,54965.46879983703,22413.586925299496,18.951549457803914,2,1,500.0,6.14235176380652,1959.09053475968,1
41,60462.40421470006,14512.273187986979,16.279344825148026,2,1,500.0,8.792842266031727,3557.7031543276266,1
44,64207.246634545445,20260.595891020253,22.542819568176306,1,2,26832.4651547494,12.395488154559882,1097.6339765055723,1
38,57549.820553038466,33927.28456019569,16.90285702240146,1,4,28064.588144346955,14.67872735611331,2822.849768733281,1
45,47850.50242149267,16281.412010130025,23.669019610738268,3,4,10450.50376901112,7.164036037280422,2560.4777664447156,0
58,49016.034381884136,29793.378097192064,33.42696977200184,2,0,14320.205402368048,2.920771232027178,3764.4450591719433,1
40,40283.94883006062,23593.70067307358,17.747532508112393,0,4,57422.16943132672,14.672670470466823,3855.5166856745386,0
37,62589.102938376935,3327.5800651323334,10.880998943426526,1,1,45765.11604545063,1.6118327663225491,1751.7242978474533,1
26,53307.7268664672,6978.629707364758,5.125294728063608,1,0,7291.076255010779,15.952894215575665,2750.9102319274775,1
37,43062.87248853823,9664.041169301036,17.609900297591135,3,2,22037.73507985971,13.72067682459365,2086.4560919826135,0
26,43079.593252157334,9451.650830672166,1.9516102235372905,2,2,37308.04844981526,14.44699395714435,2336.005353583934,0
29,33212.82289990981,17097.102538931857,9.874435190636579,1,3,18723.881561510258,10.426954279865427,3155.648997102177,0
63,72619.1441422696,24146.440480818223,34.98590691892903,2,1,15443.484322702216,0.0,2298.595290117261,1
25,56415.11805157218,30551.58416704723,0.0,6,1,23911.57589191443,1.8043958446222774,2774.5329108752226,0
42,39469.59964768114,21081.750887250822,21.177331535459405,1,4,49631.89593598453,8.534441103465294,3461.544948751787,1
58,69553.85949283633,13543.204439467903,35.0,0,1,51265.22344533731,3.6217650072453345,3963.6455514163335,1
63,44911.921423701286,1000.0,35.0,0,1,16761.957279739137,5.423600608310565,2859.812130328509,1
27,29682.98871377981,18705.89575417338,6.5181011310444195,1,1,38289.9197034176,10.064040904129627,2705.988866336125,0
28,73382.0012059444,18257.701936949914,8.840188345376145,0,2,29884.58844820049,6.150128574856815,1603.4388564663377,1
37,45332.254187809966,19829.287535389576,9.703359746458101,0,1,11851.76113525109,0.9048969783783001,4027.218608699648,0
45,47639.81637624179,39062.40297703333,26.12195308486733,3,3,24652.65876149922,11.428293565692824,3046.1309610453336,0
64,55741.240366285194,30405.965461930722,35.0,0,1,7243.784616042492,9.574513875768632,2722.602612038023,1
30,75566.60601022207,25850.60918249986,3.691864547491582,1,0,50934.99426875572,5.755020285102181,2676.544299977025,1
28,55360.67123559361,8379.228699284002,5.047646453376263,3,0,57944.496767795456,10.556330920523367,2924.588126199729,1
32,33415.891729385854,12870.052508032564,3.7675655080488664,0,0,22609.684531666375,7.475235315487941,3294.6114408926596,1
60,64789.78607401924,17051.553930714977,35.0,1,1,18316.572374202362,13.65680596207623,3405.995477117534,1
22,46270.184963288964,10245.928759896464,0.0,2,2,48982.69987767436,7.756039427787546,4049.721706225945,0
38,88982.6314875304,23004.64524985118,13.243101520919751,0,0,51890.680937640325,13.6196383329034,2818.4196576613544,1
26,54979.845004037976,21569.088492157047,0.9916424131746833,1,1,9940.594765934726,0.0,4178.781097338863,0
28,18000.0,7116.922069453076,0.0,3,1,27335.195962452297,9.296095116059144,3551.950951534305,0
62,61432.56949880213,29968.167090961244,35.0,0,3,28939.109018317784,5.010691016595803,2545.881756947473,1
21,90002.76026068411,19023.103338088604,0.0,3,1,16126.027074211459,2.70474505828248,1099.3636444010072,0
35,83366.56519381702,1000.0,19.300738335638087,1,1,36947.67049357406,12.792502897025628,2677.0060378672847,1
62,87957.17719761818,17486.571416550305,31.528988584713925,2,0,17400.98396848888,11.4454371593816,4002.6300244012896,1
48,36644.31666313366,20812.06455922905,23.3557322038334,1,1,20275.306583585247,0.0,1902.2631828810106,1
24,71418.74312758201,27727.923614357405,0.0,0,2,28175.830862969262,10.577478176582327,2674.2163827162967,1
41,42004.098284739186,14625.235968733838,19.568488753304358,0,2,3196.8789199435378,9.970740232029673,2748.6970183895983,1
64,59037.20918950464,26279.38267447207,35.0,2,1,500.0,3.384642466711705,3447.9139326480804,1
39,32086.856282684817,19871.419867702156,9.94758872241173,0,1,46528.90259948988,2.823480265184174,2250.9696069950323,1
44,43399.796232111104,4849.453909624206,24.691968359513584,0,2,16674.184395986755,0.0,1817.5546263902393,1
44,42827.55944745493,3848.332265174862,23.16439466119861,0,2,68427.5534944507,5.312340513815178,3113.001936101361,1
50,71173.9950425671,29225.598701493487,21.957328335595992,1,2,65493.082651505894,6.112562308467169,1930.9516828661576,1
29,69412.9441900538,29959.84178381769,7.514158464181929,0,2,20883.384809057003,10.984983901792562,948.0451830721008,1
58,59982.75512795478,21229.09230404723,35.0,0,3,72102.95392048729,8.34690182250279,4256.334731985078,1
65,30692.41447500306,32957.067211800284,35.0,2,1,46876.34152897637,1.7004594234783381,3434.327595923797,0
27,49390.49018890504,28566.098490416065,0.0,2,0,18384.351547024628,8.194371624724225,4295.049006875469,0
57,41569.90330703093,24836.28729479721,35.0,2,2,500.0,5.729772902980433,3386.6114777139824,1
57,70654.16362050084,8886.885112663282,29.92713999010399,3,1,42386.79247680587,2.325868931677773,3212.328429523207,1
54,76207.32735070933,35314.28751032343,26.190773707957604,2,4,30563.32574786062,0.0,2932.5820700783215,1
37,74014.9405485559,23363.01432208273,18.47634561372851,0,0,37764.50854338658,10.124016675127537,2432.57454659395,1
42,41406.05045049363,14141.612253883784,23.675699158049436,0,1,25880.948822919912,9.231985747397337,3060.895923714587,1
58,18000.0,11317.29994694702,31.617111804596295,2,2,9410.575249220441,9.783845141404536,2102.090764063308,1
27,23194.685833659023,20567.83781513857,6.803795293821347,2,1,22313.520040418876,3.3587778325411826,1637.6937447687037,0
58,80589.28560547976,1289.4091516154513,35.0,0,1,42719.471147010714,7.855399310508822,2300.996764771033,1
62,47777.41109224317,24996.732753528624,35.0,0,1,23621.243387264203,0.12317926466375972,3762.343062216254,1
51,41486.95687122797,8464.291853059733,32.23567215103526,1,2,23512.478567833066,2.067085940740598,1490.8339817672743,1
36,84567.88528185221,21706.081088242867,10.166936253263628,0,1,2651.0324149623702,7.168660998741674,1505.1350142799104,1
46,77772.87901878988,12783.796626418405,31.539225138570394,2,1,31641.60867200895,8.311765151610892,3132.17824644154,1
23,55440.07699455616,15355.812872752964,0.0,3,1,9985.225053224469,0.0,2226.4291660070003,0
62,49718.74436084847,10430.90127234935,35.0,0,1,46533.47159456603,1.7122764284868088,3036.9455406435186,1
36,52622.178169363746,16387.705688191985,9.340054446040451,0,1,16786.183795856727,5.17303581958382,3490.871688691501,0
23,59088.93037097439,36893.79546017354,0.0,0,2,24677.326371076375,11.792593664551465,3015.37923583209,0
56,83800.85106375294,31850.596270486407,33.29539670657975,2,2,68951.70418339869,2.9344862356689028,2030.9789791893973,1
50,62604.41363627008,21544.789549954567,18.804556564251516,1,4,24481.663991389418,7.702876413975391,3754.640427675745,1
49,68068.52259470454,17747.057344350476,31.029346334338207,0,2,22069.653309604633,8.226963203170403,3267.9104143431596,1
23,76046.86196326309,26442.01190692885,2.4390917509826697,0,0,40541.195746180754,5.751540871382633,2624.14506877062,1
54,33945.83198156046,29299.703941075564,22.091457226490828,1,1,500.0,8.340100190797173,2580.575467491412,0
49,68587.51406453278,9701.816177924708,34.47205029172036,1,2,52514.56779201346,0.2754159771812654,2936.5932855292904,1
56,49697.762416091,17225.61132367798,34.92487657378924,1,3,47890.9207822007,3.7210640071902494,2319.214669767526,1
58,18000.0,1000.0,34.7247613941116,1,1,39440.13140774506,14.171799287344474,1131.9157747519462,1
30,18000.0,29231.02110260895,13.796343581014579,1,1,500.0,14.523824509988046,3275.1419716355063,0
30,36673.88299266365,38650.242577008554,9.54277127492143,0,0,25330.589427436018,11.214603726384516,3221.6687178840575,0
62,64562.01811466647,18800.826246230856,35.0,1,2,7088.407931904007,12.50196094976824,700.0,1
44,57048.39217612534,1000.0,17.5332113306439,1,1,50233.92211127172,0.0,3059.608528391528,1
40,58318.60072916195,24088.90516577031,20.918204619474405,1,1,48946.09957060821,2.256520573532148,4180.83518500074,0
33,90116.98268836045,8959.108338509197,4.689663418954093,3,0,36984.17801695393,5.44449215160944,1585.1254821438142,1
49,32156.38693252338,11366.5055833554,31.18643876140822,1,0,8343.998451479769,19.078209632070198,2534.03783819836,1
54,54506.19962469298,24265.763897910037,29.536967474681198,1,2,56897.29578944875,5.43458012746778,2436.215917279347,1
21,60479.83941064868,20545.541255127246,0.0,2,1,25279.29949764922,10.72452149811587,4094.3707409337944,0
45,41747.08390230996,13118.912246613983,22.057233443109165,0,4,62496.67920421019,8.891860141274234,3608.8523397412655,1
65,55509.88141149294,11503.943673983356,35.0,1,1,34776.967203527674,8.780617303656044,1809.4254681388124,1
33,26200.91198648179,19258.360552208327,14.401138277133699,1,0,39122.54434049966,6.882346882313946,2907.9066710226734,0
33,80378.3119109505,13905.344474876325,12.714683773471407,2,2,21714.52107787446,0.9998358488693873,4672.4049190497735,1
